t,Scenario9.GAS_PRICE,Scenario9.POWER_PRICE,Scenario9.HEAT_PRICE,Scenario9.heat_demand,Scenario9.heat_demand_scenario,Scenario9.delta_heat_demand,Scenario9.probability,Scenario9.chp1.bin,Scenario9.chp1.power,Scenario9.chp1.gas,Scenario9.chp1.heat,Scenario9.chp1.eta_th,Scenario9.chp1.eta_el,Scenario9.chp1.y1,Scenario9.chp1.y2,Scenario9.chp2.bin,Scenario9.chp2.power,Scenario9.chp2.gas,Scenario9.chp2.heat,Scenario9.chp2.eta_th,Scenario9.chp2.eta_el,Scenario9.chp2.y1,Scenario9.chp2.y2,Scenario9.boiler1.bin,Scenario9.boiler1.heat,Scenario9.boiler1.gas,Scenario9.boiler1.eta_th,Scenario9.boiler1.y1,Scenario9.boiler1.y2,Scenario9.heat_storage1.heat_charge,Scenario9.heat_storage1.bin_charge,Scenario9.heat_storage1.heat_discharge,Scenario9.heat_storage1.bin_discharge,Scenario9.heat_storage1.heat_balance,Scenario9.heat_storage1.heat_capacity,Scenario9.heat_storage1.dispatch_heat_capacity,Scenario9.heat_storage1.dispatch_heat_charge,Scenario9.heat_storage1.dispatch_heat_discharge,Scenario9.ngas_grid.gas_balance,Scenario9.power_grid.power_balance,Scenario9.power_grid.power_supply,Scenario9.power_grid.power_feedin,Scenario9.heat_grid.heat_balance,Scenario9.heat_grid.heat_supply,Scenario9.heat_grid.heat_feedin,Scenario9.heat_grid.dispatch_heat_feedin,Scenario9.heat_grid.dispatch_heat_supply,Scenario9.heat_grid.dispatch_heat_balance,Scenario9.arc01_expanded.power,Scenario9.arc02_expanded.power,Scenario9.arc03_expanded.heat,Scenario9.arc04_expanded.heat,Scenario9.arc05_expanded.heat,Scenario9.arc06_expanded.gas,Scenario9.arc07_expanded.gas,Scenario9.arc08_expanded.heat
1,0.1543,0.251,0.105,88.13061207321796,32.50966292536181,55.62094914785615,0.0006723982570954149,0.0,0.0,0.0,0.0,0.0,0.0,0.0,0.0,0.0,0.0,0.0,0.0,0.0,0.0,0.0,0.0,1.0,174.0,162.46498599439482,1.070999999987968,1.0,0.0,85.86938792678204,1.0,0.0,0.0,-85.86938792678204,85.86938792678204,141.4903370746382,55.62094914785615,0.0,162.46498599439482,0.0,0.0,0.0,0.0,85.86938792678204,174.0,0.0,55.62094914785615,0.0,0.0,0.0,0.0,0.0,174.0,162.46498599439482,0.0,0.0
2,0.1543,0.251,0.105,106.3100249930061,97.59232305313628,8.717701939869812,0.0006723982570954149,0.0,0.0,0.0,0.0,0.0,0.0,0.0,0.0,0.0,0.0,0.0,0.0,0.0,0.0,0.0,0.0,1.0,174.0,162.46498599439482,1.070999999987968,1.0,0.0,67.6899750069939,1.0,0.0,0.0,-67.68997500699392,153.55936293377596,217.89801402150192,8.717701939869812,0.0,162.46498599439482,0.0,0.0,0.0,0.0,67.6899750069939,174.0,0.0,8.717701939869812,0.0,0.0,0.0,0.0,0.0,174.0,162.46498599439482,0.0,0.0
3,0.1543,0.251,0.105,210.6748063564434,249.3028978128559,-38.62809145641248,0.0006723982570954149,0.0,0.0,0.0,0.0,0.0,0.0,0.0,0.0,0.0,0.0,0.0,0.0,0.0,0.0,0.0,0.0,1.0,174.0,162.46498599439482,1.070999999987968,1.0,0.0,0.0,0.0,36.67480635644341,1.0,36.67480635644341,116.88455657733255,142.59511620864603,0.0,38.62809145641248,162.46498599439482,0.0,0.0,0.0,0.0,0.0,210.6748063564434,38.62809145641248,0.0,0.0,0.0,0.0,0.0,0.0,174.0,162.46498599439482,0.0,36.67480635644341
4,0.1543,0.251,0.105,146.48074158117606,196.79757140806706,-50.316829826890995,0.0006723982570954149,0.0,0.0,0.0,0.0,0.0,0.0,0.0,0.0,0.0,0.0,0.0,0.0,0.0,0.0,0.0,0.0,1.0,174.0,162.46498599439485,1.070999999987968,1.0,0.0,27.519258418823966,1.0,0.0,0.0,-27.519258418823966,144.4038149961565,119.797544800579,0.0,50.316829826890995,162.46498599439485,0.0,0.0,0.0,0.0,27.519258418823966,174.0,50.316829826890995,0.0,0.0,0.0,0.0,0.0,0.0,174.0,162.46498599439485,0.0,0.0
5,0.1543,0.251,0.105,158.7089092436237,112.12829598746673,46.58061325615698,0.0006723982570954149,0.0,0.0,0.0,0.0,0.0,0.0,0.0,0.0,0.0,0.0,0.0,0.0,0.0,0.0,0.0,0.0,1.0,174.0,162.46498599439482,1.070999999987968,1.0,0.0,15.291090756376292,1.0,0.0,0.0,-15.291090756376292,159.6949057525328,181.6692488131123,46.58061325615698,0.0,162.46498599439482,0.0,0.0,0.0,0.0,15.291090756376292,174.0,0.0,46.58061325615698,0.0,0.0,0.0,0.0,0.0,174.0,162.46498599439482,0.0,0.0
6,0.1543,0.251,0.105,156.81798849107926,153.6676436397256,3.150344851353651,0.0006723982570954149,0.0,0.0,0.0,0.0,0.0,0.0,0.0,0.0,0.0,0.0,0.0,0.0,0.0,0.0,0.0,0.0,1.0,174.0,162.4649859944357,1.0709999999879598,1.0,0.0,17.182011508963853,1.0,0.0,0.0,-17.182011508963853,176.87691726149666,202.00160517342977,3.150344851353651,0.0,162.4649859944357,0.0,0.0,0.0,0.0,17.182011508963853,174.0,0.0,3.150344851353651,0.0,0.0,0.0,0.0,0.0,174.0,162.4649859944357,0.0,0.0
7,0.1543,0.251,0.105,155.5721773995898,94.72810976068237,60.84406763890743,0.0006723982570954149,0.0,0.0,0.0,0.0,0.0,0.0,0.0,0.0,0.0,0.0,0.0,0.0,0.0,0.0,0.0,0.0,1.0,174.0,162.4649859944357,1.0709999999879598,1.0,0.0,18.42782260045334,1.0,0.0,0.0,-18.42782260045334,195.30473986195,281.2734954127905,60.84406763890743,0.0,162.4649859944357,0.0,0.0,0.0,0.0,18.42782260045334,174.0,0.0,60.84406763890743,0.0,0.0,0.0,0.0,0.0,174.0,162.4649859944357,0.0,0.0
8,0.1543,0.251,0.105,147.4562304387438,138.4910452343584,8.965185204385392,0.0006723982570954149,0.0,0.0,0.0,0.0,0.0,0.0,0.0,0.0,0.0,0.0,0.0,0.0,0.0,0.0,0.0,0.0,1.0,156.9489279858354,146.3056077666222,1.0742642817924817,1.0,0.0,9.492697547091609,1.0,0.0,0.0,-9.492697547091609,204.7974374090416,299.73137816426754,8.965185204385392,0.0,146.3056077666222,0.0,0.0,0.0,0.0,9.492697547091609,156.9489279858354,0.0,8.965185204385392,0.0,0.0,0.0,0.0,0.0,156.9489279858354,146.3056077666222,0.0,0.0
9,0.1543,0.251,0.105,145.68736008059668,166.3707137640104,-20.683353683413713,0.0006723982570954149,0.0,0.0,0.0,0.0,0.0,0.0,0.0,0.0,0.0,0.0,0.0,0.0,0.0,0.0,0.0,0.0,1.0,174.0,162.46498599439482,1.070999999987968,1.0,0.0,28.312639919403324,1.0,0.0,0.0,-28.312639919403324,233.11007732844493,307.3606644002572,0.0,20.683353683413713,162.46498599439482,0.0,0.0,0.0,0.0,28.312639919403324,174.0,20.683353683413713,0.0,0.0,0.0,0.0,0.0,0.0,174.0,162.46498599439482,0.0,0.0
10,0.1543,0.251,0.105,133.10499153939045,123.25559085608765,9.849400683302804,0.0006723982570954149,0.0,0.0,0.0,0.0,0.0,0.0,0.0,0.0,0.0,0.0,0.0,0.0,0.0,0.0,0.0,0.0,1.0,174.0,162.46498599439482,1.070999999987968,1.0,0.0,40.895008460609546,1.0,0.0,0.0,-40.895008460609546,274.0050857890545,358.1050735441695,9.849400683302804,0.0,162.46498599439482,0.0,0.0,0.0,0.0,40.895008460609546,174.0,0.0,9.849400683302804,0.0,0.0,0.0,0.0,0.0,174.0,162.46498599439482,0.0,0.0
11,0.1543,0.251,0.105,126.99603698103137,110.05886732549729,16.937169655534078,0.0006723982570954149,0.0,0.0,0.0,0.0,0.0,0.0,0.0,0.0,0.0,0.0,0.0,0.0,0.0,0.0,0.0,0.0,1.0,174.0,162.46498599439482,1.070999999987968,1.0,0.0,47.00396301896863,1.0,0.0,0.0,-47.00396301896863,321.0090488080231,422.04620621867224,16.937169655534078,0.0,162.46498599439482,0.0,0.0,0.0,0.0,47.00396301896863,174.0,0.0,16.937169655534078,0.0,0.0,0.0,0.0,0.0,174.0,162.46498599439482,0.0,0.0
12,0.1543,0.251,0.105,118.12931021970827,82.91920404419402,35.210106175514255,0.0006723982570954149,0.0,0.0,0.0,0.0,0.0,0.0,0.0,0.0,0.0,0.0,0.0,0.0,0.0,0.0,0.0,0.0,1.0,174.0,162.46498599439482,1.070999999987968,1.0,0.0,55.870689780291734,1.0,0.0,0.0,-55.870689780291684,376.8797385883148,513.1270021744782,35.210106175514255,0.0,162.46498599439482,0.0,0.0,0.0,0.0,55.870689780291734,174.0,0.0,35.210106175514255,0.0,0.0,0.0,0.0,0.0,174.0,162.46498599439482,0.0,0.0
13,0.1543,0.251,0.105,127.11248915420391,112.69533916633955,14.417149987864363,0.0006723982570954149,0.0,0.0,0.0,0.0,0.0,0.0,0.0,0.0,0.0,0.0,0.0,0.0,0.0,0.0,0.0,0.0,1.0,127.11248915420391,118.02947945928662,1.0799762126498886,1.0,0.0,0.0,0.0,0.0,1.0,0.0,376.8797385883148,527.5441521623426,14.417149987864363,0.0,118.02947945928662,0.0,0.0,0.0,0.0,0.0,127.11248915420391,0.0,14.417149987864363,0.0,0.0,0.0,0.0,0.0,127.11248915420391,118.02947945928662,0.0,0.0
14,0.1543,0.251,0.105,143.92225309423955,109.69548031842626,34.22677277581329,0.0006723982570954149,0.0,0.0,0.0,0.0,0.0,0.0,0.0,0.0,0.0,0.0,0.0,0.0,0.0,0.0,0.0,0.0,1.0,174.0,162.46498599439482,1.070999999987968,1.0,0.0,30.07774690576045,1.0,0.0,0.0,-30.07774690576045,406.9574854940753,591.8486718439163,34.22677277581329,0.0,162.46498599439482,0.0,0.0,0.0,0.0,30.07774690576045,174.0,0.0,34.22677277581329,0.0,0.0,0.0,0.0,0.0,174.0,162.46498599439482,0.0,0.0
15,0.1543,0.251,0.105,153.96949988320094,165.12940769730648,-11.159907814105537,0.0006723982570954149,0.0,0.0,0.0,0.0,0.0,0.0,0.0,0.0,0.0,0.0,0.0,0.0,0.0,0.0,0.0,0.0,1.0,153.96949988320094,143.48199025020267,1.074834667803121,1.0,0.0,0.0,0.0,0.0,1.0,0.0,406.9574854940753,580.6887640298108,0.0,11.159907814105537,143.48199025020267,0.0,0.0,0.0,0.0,0.0,153.96949988320094,11.159907814105537,0.0,0.0,0.0,0.0,0.0,0.0,153.96949988320094,143.48199025020267,0.0,0.0
16,0.1543,0.251,0.105,163.93908361154536,180.07862800828315,-16.13954439673779,0.0006723982570954149,0.0,0.0,0.0,0.0,0.0,0.0,0.0,0.0,0.0,0.0,0.0,0.0,0.0,0.0,0.0,0.0,1.0,174.0,162.46498599439482,1.070999999987968,1.0,0.0,10.060916388454643,1.0,0.0,0.0,-10.060916388454643,417.01840188252993,574.6101360215278,0.0,16.13954439673779,162.46498599439482,0.0,0.0,0.0,0.0,10.060916388454643,174.0,16.13954439673779,0.0,0.0,0.0,0.0,0.0,0.0,174.0,162.46498599439482,0.0,0.0
17,0.1543,0.251,0.105,172.6373879152593,193.453022709886,-20.815634794626703,0.0006723982570954149,0.0,0.0,0.0,0.0,0.0,0.0,0.0,0.0,0.0,0.0,0.0,0.0,0.0,0.0,0.0,0.0,1.0,172.6373879152593,161.17363234596925,1.0712608604095963,1.0,0.0,0.0,0.0,0.0,1.0,0.0,417.01840188252993,553.794501226901,0.0,20.815634794626703,161.17363234596925,0.0,0.0,0.0,0.0,0.0,172.6373879152593,20.815634794626703,0.0,0.0,0.0,0.0,0.0,0.0,172.6373879152593,161.17363234596925,0.0,0.0
18,0.1543,0.251,0.105,189.7709359695811,185.42248555227457,4.3484504173065375,0.0006723982570954149,0.0,0.0,0.0,0.0,0.0,0.0,0.0,0.0,0.0,0.0,0.0,0.0,0.0,0.0,0.0,0.0,1.0,174.0,162.46498599439482,1.070999999987968,1.0,0.0,0.0,0.0,15.770935969581103,1.0,15.770935969581103,401.2474659129488,542.3720156746265,4.3484504173065375,0.0,162.46498599439482,0.0,0.0,0.0,0.0,0.0,189.7709359695811,0.0,4.3484504173065375,0.0,0.0,0.0,0.0,0.0,174.0,162.46498599439482,0.0,15.770935969581103
19,0.1543,0.251,0.105,178.15899549410722,181.28246123799806,-3.123465743890847,0.0006723982570954149,0.0,0.0,0.0,0.0,0.0,0.0,0.0,0.0,0.0,0.0,0.0,0.0,0.0,0.0,0.0,0.0,1.0,174.0,162.46498599439482,1.070999999987968,1.0,0.0,0.0,0.0,4.1589954941072165,1.0,4.1589954941072165,397.0884704188416,535.0895544366284,0.0,3.123465743890847,162.46498599439482,0.0,0.0,0.0,0.0,0.0,178.15899549410722,3.123465743890847,0.0,0.0,0.0,0.0,0.0,0.0,174.0,162.46498599439482,0.0,4.1589954941072165
20,0.1543,0.251,0.105,159.28416533270453,174.0067355525949,-14.722570219890372,0.0006723982570954149,0.0,0.0,0.0,0.0,0.0,0.0,0.0,0.0,0.0,0.0,0.0,0.0,0.0,0.0,0.0,0.0,1.0,159.28416533270453,148.5187227841607,1.0738172205886891,1.0,0.0,0.0,1.0,0.0,0.0,0.0,397.0884704188416,520.366984216738,0.0,14.722570219890372,148.5187227841607,0.0,0.0,0.0,0.0,0.0,159.28416533270453,14.722570219890372,0.0,0.0,0.0,0.0,0.0,0.0,159.28416533270453,148.5187227841607,0.0,0.0
21,0.1543,0.251,0.105,111.5328007805781,73.05011204384661,38.48268873673149,0.0006723982570954149,0.0,0.0,0.0,0.0,0.0,0.0,0.0,0.0,0.0,0.0,0.0,0.0,0.0,0.0,0.0,0.0,1.0,174.0,162.46498599439482,1.070999999987968,1.0,0.0,62.4671992194219,1.0,0.0,0.0,-62.4671992194219,459.5556696382635,621.3168721728914,38.48268873673149,0.0,162.46498599439482,0.0,0.0,0.0,0.0,62.4671992194219,174.0,0.0,38.48268873673149,0.0,0.0,0.0,0.0,0.0,174.0,162.46498599439482,0.0,0.0
22,0.1543,0.251,0.105,122.3487884171389,103.03532970511412,19.313458712024783,0.0006723982570954149,0.0,0.0,0.0,0.0,0.0,0.0,0.0,0.0,0.0,0.0,0.0,0.0,0.0,0.0,0.0,0.0,1.0,174.0,162.46498599439482,1.070999999987968,1.0,0.0,51.651211582861094,1.0,0.0,0.0,-51.651211582861094,511.2068812211246,692.2815424677773,19.313458712024783,0.0,162.46498599439482,0.0,0.0,0.0,0.0,51.651211582861094,174.0,0.0,19.313458712024783,0.0,0.0,0.0,0.0,0.0,174.0,162.46498599439482,0.0,0.0
23,0.1543,0.251,0.105,121.44172552592136,80.1702266856892,41.271498840232155,0.0006723982570954149,0.0,0.0,0.0,0.0,0.0,0.0,0.0,0.0,0.0,0.0,0.0,0.0,0.0,0.0,0.0,0.0,1.0,174.0,162.46498599439482,1.070999999987968,1.0,0.0,52.558274474078644,1.0,0.0,0.0,-52.558274474078644,563.7651556952032,786.1113157820881,41.271498840232155,0.0,162.46498599439482,0.0,0.0,0.0,0.0,52.558274474078644,174.0,0.0,41.271498840232155,0.0,0.0,0.0,0.0,0.0,174.0,162.46498599439482,0.0,0.0
24,0.1543,0.251,0.105,125.78405753160912,86.93143238129234,38.85262515031678,0.0006723982570954149,0.0,0.0,0.0,0.0,0.0,0.0,0.0,0.0,0.0,0.0,0.0,0.0,0.0,0.0,0.0,0.0,1.0,174.0,162.46498599439482,1.070999999987968,1.0,0.0,48.21594246839088,1.0,0.0,0.0,-48.21594246839088,611.9810981635941,873.1798834007958,38.85262515031678,0.0,162.46498599439482,0.0,0.0,0.0,0.0,48.21594246839088,174.0,0.0,38.85262515031678,0.0,0.0,0.0,0.0,0.0,174.0,162.46498599439482,0.0,0.0
25,0.1543,0.251,0.105,136.30073130880112,123.5690732876109,12.731658021190214,0.0006723982570954149,0.0,0.0,0.0,0.0,0.0,0.0,0.0,0.0,0.0,0.0,0.0,0.0,0.0,0.0,0.0,0.0,1.0,174.0,162.46498599439482,1.070999999987968,1.0,0.0,37.69926869119888,1.0,0.0,0.0,-37.69926869119888,649.680366854793,923.6108101131849,12.731658021190214,0.0,162.46498599439482,0.0,0.0,0.0,0.0,37.69926869119888,174.0,0.0,12.731658021190214,0.0,0.0,0.0,0.0,0.0,174.0,162.46498599439482,0.0,0.0
26,0.1543,0.251,0.105,161.79318458245825,153.07548264258844,8.717701939869812,0.0006723982570954149,0.0,0.0,0.0,0.0,0.0,0.0,0.0,0.0,0.0,0.0,0.0,0.0,0.0,0.0,0.0,0.0,1.0,174.0,162.46498599439482,1.070999999987968,1.0,0.0,12.206815417541748,1.0,0.0,0.0,-12.206815417541748,661.8871822723347,944.5353274705965,8.717701939869812,0.0,162.46498599439482,0.0,0.0,0.0,0.0,12.206815417541748,174.0,0.0,8.717701939869812,0.0,0.0,0.0,0.0,0.0,174.0,162.46498599439482,0.0,0.0
27,0.1543,0.251,0.105,307.945532128739,346.5736235851515,-38.628091456412506,0.0006723982570954149,0.0,0.0,0.0,0.0,0.0,0.0,0.0,0.0,1.0,26.372168284790405,93.85113268603688,58.0,0.6179999999651689,0.2810000000106164,1.0,0.0,1.0,152.91266157415714,142.48041979485234,1.0750369904523749,1.0,0.0,0.0,0.0,97.03287055458196,1.0,97.03287055458202,564.8543117177527,808.874365459602,0.0,38.628091456412506,142.48041979485234,-26.372168284790405,0.0,26.372168284790405,0.0,0.0,307.945532128739,38.628091456412506,0.0,0.0,0.0,26.372168284790405,0.0,58.0,152.91266157415714,142.48041979485234,0.0,97.03287055458196
28,0.1543,0.251,0.105,224.33809213545905,243.88682928451692,-19.54873714905787,0.0006723982570954149,0.0,0.0,0.0,0.0,0.0,0.0,0.0,0.0,0.0,0.0,0.0,0.0,0.0,0.0,0.0,0.0,1.0,174.0,162.46498599439482,1.070999999987968,1.0,0.0,0.0,0.0,50.33809213545905,1.0,50.33809213545908,514.5162195822936,738.9875361750851,0.0,19.54873714905787,162.46498599439482,0.0,0.0,0.0,0.0,0.0,224.33809213545905,19.54873714905787,0.0,0.0,0.0,0.0,0.0,0.0,174.0,162.46498599439482,0.0,50.33809213545905
29,0.1543,0.251,0.105,244.92845964051588,249.59042313460247,-4.661963494086592,0.0006723982570954149,0.0,0.0,0.0,0.0,0.0,0.0,0.0,0.0,0.0,0.0,0.0,0.0,0.0,0.0,0.0,0.0,1.0,174.0,162.46498599439482,1.070999999987968,1.0,0.0,0.0,0.0,70.92845964051588,1.0,70.92845964051594,443.5877599417777,663.3971130404826,0.0,4.661963494086592,162.46498599439482,0.0,0.0,0.0,0.0,0.0,244.92845964051588,4.661963494086592,0.0,0.0,0.0,0.0,0.0,0.0,174.0,162.46498599439482,0.0,70.92845964051588
30,0.1543,0.251,0.105,227.51863997635897,198.11826521853388,29.40037475782509,0.0006723982570954149,0.0,0.0,0.0,0.0,0.0,0.0,0.0,0.0,0.0,0.0,0.0,0.0,0.0,0.0,0.0,0.0,1.0,174.0,162.46498599439482,1.070999999987968,1.0,0.0,0.0,0.0,53.51863997635897,1.0,53.51863997635894,390.06911996541874,639.2788478219487,29.40037475782509,0.0,162.46498599439482,0.0,0.0,0.0,0.0,0.0,227.51863997635897,0.0,29.40037475782509,0.0,0.0,0.0,0.0,0.0,174.0,162.46498599439482,0.0,53.51863997635897
31,0.1543,0.251,0.105,211.82160716046496,175.5668110327091,36.25479612775587,0.0006723982570954149,0.0,0.0,0.0,0.0,0.0,0.0,0.0,0.0,0.0,0.0,0.0,0.0,0.0,0.0,0.0,0.0,1.0,174.0,162.46498599439482,1.070999999987968,1.0,0.0,0.0,0.0,37.821607160464964,1.0,37.821607160464964,352.2475128049538,637.7120367892396,36.25479612775587,0.0,162.46498599439482,0.0,0.0,0.0,0.0,0.0,211.82160716046496,0.0,36.25479612775587,0.0,0.0,0.0,0.0,0.0,174.0,162.46498599439482,0.0,37.821607160464964
32,0.1543,0.251,0.105,195.49702180559063,213.0103784592469,-17.513356653656274,0.0006723982570954149,0.0,0.0,0.0,0.0,0.0,0.0,0.0,0.0,0.0,0.0,0.0,0.0,0.0,0.0,0.0,0.0,1.0,174.0,162.46498599439482,1.070999999987968,1.0,0.0,0.0,0.0,21.497021805590634,1.0,21.497021805590634,330.75049099936314,598.7016583299927,0.0,17.513356653656274,162.46498599439482,0.0,0.0,0.0,0.0,0.0,195.49702180559063,17.513356653656274,0.0,0.0,0.0,0.0,0.0,0.0,174.0,162.46498599439482,0.0,21.497021805590634
33,0.1543,0.251,0.105,178.67897818859018,174.42424805713745,4.254730131452732,0.0006723982570954149,0.0,0.0,0.0,0.0,0.0,0.0,0.0,0.0,0.0,0.0,0.0,0.0,0.0,0.0,0.0,0.0,1.0,174.0,162.46498599439482,1.070999999987968,1.0,0.0,0.0,0.0,4.678978188590179,1.0,4.678978188590179,326.07151281077296,598.2774102728553,4.254730131452732,0.0,162.46498599439482,0.0,0.0,0.0,0.0,0.0,178.67897818859018,0.0,4.254730131452732,0.0,0.0,0.0,0.0,0.0,174.0,162.46498599439482,0.0,4.678978188590179
34,0.1543,0.251,0.105,165.75179782570095,155.90239714239814,9.849400683302804,0.0006723982570954149,0.0,0.0,0.0,0.0,0.0,0.0,0.0,0.0,0.0,0.0,0.0,0.0,0.0,0.0,0.0,0.0,1.0,165.75179782570095,154.64812741078714,1.0725790477015162,1.0,0.0,0.0,1.0,0.0,0.0,0.0,326.07151281077296,608.1268109561581,9.849400683302804,0.0,154.64812741078714,0.0,0.0,0.0,0.0,0.0,165.75179782570095,0.0,9.849400683302804,0.0,0.0,0.0,0.0,0.0,165.75179782570095,154.64812741078714,0.0,0.0
35,0.1543,0.251,0.105,162.13029755988526,145.1931279043512,16.937169655534063,0.0006723982570954149,0.0,0.0,0.0,0.0,0.0,0.0,0.0,0.0,0.0,0.0,0.0,0.0,0.0,0.0,0.0,0.0,1.0,162.13029755988526,151.21601519528068,1.0732723529325847,1.0,0.0,0.0,1.0,0.0,0.0,0.0,326.07151281077296,625.0639806116922,16.937169655534063,0.0,151.21601519528068,0.0,0.0,0.0,0.0,0.0,162.13029755988526,0.0,16.937169655534063,0.0,0.0,0.0,0.0,0.0,162.13029755988526,151.21601519528068,0.0,0.0
36,0.1543,0.251,0.105,143.49828864570688,155.09103550783746,-11.592746862130582,0.0006723982570954149,0.0,0.0,0.0,0.0,0.0,0.0,0.0,0.0,0.0,0.0,0.0,0.0,0.0,0.0,0.0,0.0,1.0,174.0,162.4649859944357,1.0709999999879598,1.0,0.0,30.501711354336237,1.0,0.0,0.0,-30.501711354336237,356.5732241651092,643.9729451038978,0.0,11.592746862130582,162.4649859944357,0.0,0.0,0.0,0.0,30.501711354336237,174.0,11.592746862130582,0.0,0.0,0.0,0.0,0.0,0.0,174.0,162.4649859944357,0.0,0.0
37,0.1543,0.251,0.105,157.27609530737038,142.858945319506,14.417149987864377,0.0006723982570954149,0.0,0.0,0.0,0.0,0.0,0.0,0.0,0.0,0.0,0.0,0.0,0.0,0.0,0.0,0.0,0.0,1.0,174.0,162.46498599439482,1.070999999987968,1.0,0.0,16.723904692629617,1.0,0.0,0.0,-16.723904692629617,373.2971288577388,675.1139997843918,14.417149987864377,0.0,162.46498599439482,0.0,0.0,0.0,0.0,16.723904692629617,174.0,0.0,14.417149987864377,0.0,0.0,0.0,0.0,0.0,174.0,162.46498599439482,0.0,0.0
38,0.1543,0.251,0.105,168.5615827139588,157.52484291102104,11.036739802937774,0.0006723982570954149,0.0,0.0,0.0,0.0,0.0,0.0,0.0,0.0,0.0,0.0,0.0,0.0,0.0,0.0,0.0,0.0,1.0,174.0,162.46498599439482,1.070999999987968,1.0,0.0,5.438417286041187,1.0,0.0,0.0,-5.438417286041187,378.73554614377997,691.5891568733707,11.036739802937774,0.0,162.46498599439482,0.0,0.0,0.0,0.0,5.438417286041187,174.0,0.0,11.036739802937774,0.0,0.0,0.0,0.0,0.0,174.0,162.46498599439482,0.0,0.0
39,0.1543,0.251,0.105,191.0740243862453,176.8387854035906,14.235238982654693,0.0006723982570954149,0.0,0.0,0.0,0.0,0.0,0.0,0.0,0.0,0.0,0.0,0.0,0.0,0.0,0.0,0.0,0.0,1.0,174.0,162.46498599439482,1.070999999987968,1.0,0.0,0.0,0.0,17.07402438624533,1.0,17.074024386245355,361.6615217575346,688.75037146978,14.235238982654693,0.0,162.46498599439482,0.0,0.0,0.0,0.0,0.0,191.0740243862453,0.0,14.235238982654693,0.0,0.0,0.0,0.0,0.0,174.0,162.46498599439482,0.0,17.07402438624533
40,0.1543,0.251,0.105,209.9782588863518,197.67468364809804,12.303575238253757,0.0006723982570954149,0.0,0.0,0.0,0.0,0.0,0.0,0.0,0.0,0.0,0.0,0.0,0.0,0.0,0.0,0.0,0.0,1.0,174.0,162.4649859944357,1.0709999999879598,1.0,0.0,0.0,0.0,35.97825888630868,1.0,35.97825888630871,325.6832628712259,665.0756878217251,12.303575238253757,0.0,162.4649859944357,0.0,0.0,0.0,0.0,0.0,209.9782588863518,0.0,12.303575238253757,0.0,0.0,0.0,0.0,0.0,174.0,162.4649859944357,0.0,35.97825888630868
41,0.1543,0.251,0.105,203.1153153118056,195.8435352923589,7.271780019446709,0.0006723982570954149,0.0,0.0,0.0,0.0,0.0,0.0,0.0,0.0,0.0,0.0,0.0,0.0,0.0,0.0,0.0,0.0,1.0,174.0,162.46498599439482,1.070999999987968,1.0,0.0,0.0,0.0,29.115315311805603,1.0,29.115315311805603,296.5679475594203,643.2321525293662,7.271780019446709,0.0,162.46498599439482,0.0,0.0,0.0,0.0,0.0,203.1153153118056,0.0,7.271780019446709,0.0,0.0,0.0,0.0,0.0,174.0,162.46498599439482,0.0,29.115315311805603
42,0.1543,0.251,0.105,221.8500904881562,189.67145901359305,32.17863147456316,0.0006723982570954149,0.0,0.0,0.0,0.0,0.0,0.0,0.0,0.0,0.0,0.0,0.0,0.0,0.0,0.0,0.0,0.0,1.0,174.0,162.4649859944357,1.0709999999879598,1.0,0.0,0.0,0.0,47.85009048811307,1.0,47.850090488113096,248.7178570713072,627.5606935158163,32.17863147456316,0.0,162.4649859944357,0.0,0.0,0.0,0.0,0.0,221.8500904881562,0.0,32.17863147456316,0.0,0.0,0.0,0.0,0.0,174.0,162.4649859944357,0.0,47.85009048811307
43,0.1543,0.251,0.105,195.40575876553453,198.52922450942538,-3.123465743890847,0.0006723982570954149,0.0,0.0,0.0,0.0,0.0,0.0,0.0,0.0,0.0,0.0,0.0,0.0,0.0,0.0,0.0,0.0,1.0,174.0,162.46498599439482,1.070999999987968,1.0,0.0,0.0,0.0,21.40575876553453,1.0,21.40575876553453,227.31209830577268,603.0314690063909,0.0,3.123465743890847,162.46498599439482,0.0,0.0,0.0,0.0,0.0,195.40575876553453,3.123465743890847,0.0,0.0,0.0,0.0,0.0,0.0,174.0,162.46498599439482,0.0,21.40575876553453
44,0.1543,0.251,0.105,174.19685671830308,147.96254864062163,26.234308077681447,0.0006723982570954149,0.0,0.0,0.0,0.0,0.0,0.0,0.0,0.0,0.0,0.0,0.0,0.0,0.0,0.0,0.0,0.0,1.0,174.0,162.46498599439482,1.070999999987968,1.0,0.0,0.0,0.0,0.19685671830308138,1.0,0.19685671830308138,227.1152415874696,629.0689203657693,26.234308077681447,0.0,162.46498599439482,0.0,0.0,0.0,0.0,0.0,174.19685671830308,0.0,26.234308077681447,0.0,0.0,0.0,0.0,0.0,174.0,162.46498599439482,0.0,0.19685671830308138
45,0.1543,0.251,0.105,130.24971892765575,128.36927291090353,1.8804460167522166,0.0006723982570954149,0.0,0.0,0.0,0.0,0.0,0.0,0.0,0.0,0.0,0.0,0.0,0.0,0.0,0.0,0.0,0.0,1.0,174.0,162.4649859944357,1.0709999999879598,1.0,0.0,43.750281072387395,1.0,0.0,0.0,-43.750281072387395,270.865522659857,674.6996474549089,1.8804460167522166,0.0,162.4649859944357,0.0,0.0,0.0,0.0,43.750281072387395,174.0,0.0,1.8804460167522166,0.0,0.0,0.0,0.0,0.0,174.0,162.4649859944357,0.0,0.0
46,0.1543,0.251,0.105,127.61617203724172,108.30271332521694,19.313458712024783,0.0006723982570954149,0.0,0.0,0.0,0.0,0.0,0.0,0.0,0.0,0.0,0.0,0.0,0.0,0.0,0.0,0.0,0.0,1.0,127.61617203724172,118.50682201036503,1.0798797868727303,1.0,0.0,0.0,0.0,0.0,1.0,0.0,270.865522659857,694.0131061669338,19.313458712024783,0.0,118.50682201036503,0.0,0.0,0.0,0.0,0.0,127.61617203724172,0.0,19.313458712024783,0.0,0.0,0.0,0.0,0.0,127.61617203724172,118.50682201036503,0.0,0.0
47,0.1543,0.251,0.105,130.5747347277373,129.64402983875152,0.9307048889857867,0.0006723982570954149,0.0,0.0,0.0,0.0,0.0,0.0,0.0,0.0,0.0,0.0,0.0,0.0,0.0,0.0,0.0,0.0,1.0,174.0,162.46498599439482,1.070999999987968,1.0,0.0,43.42526527226269,1.0,0.0,0.0,-43.42526527226266,314.29078793211966,738.3690763281822,0.9307048889857867,0.0,162.46498599439482,0.0,0.0,0.0,0.0,43.42526527226269,174.0,0.0,0.9307048889857867,0.0,0.0,0.0,0.0,0.0,174.0,162.46498599439482,0.0,0.0
48,0.1543,0.251,0.105,131.10708315330484,132.6820075007631,-1.57492434745825,0.0006723982570954149,0.0,0.0,0.0,0.0,0.0,0.0,0.0,0.0,0.0,0.0,0.0,0.0,0.0,0.0,0.0,0.0,1.0,131.10708315330484,121.81517429678658,1.0792114818167273,1.0,0.0,0.0,1.0,0.0,0.0,0.0,314.29078793211966,736.794151980724,0.0,1.57492434745825,121.81517429678658,0.0,0.0,0.0,0.0,0.0,131.10708315330484,1.57492434745825,0.0,0.0,0.0,0.0,0.0,0.0,131.10708315330484,121.81517429678658,0.0,0.0
49,0.1543,0.251,0.105,140.1480066658329,105.97170308130971,34.17630358452318,0.0006723982570954149,0.0,0.0,0.0,0.0,0.0,0.0,0.0,0.0,0.0,0.0,0.0,0.0,0.0,0.0,0.0,0.0,1.0,174.0,162.46498599439482,1.070999999987968,1.0,0.0,33.851993334167105,1.0,0.0,0.0,-33.851993334167105,348.14278126628676,804.8224488994143,34.17630358452318,0.0,162.46498599439482,0.0,0.0,0.0,0.0,33.851993334167105,174.0,0.0,34.17630358452318,0.0,0.0,0.0,0.0,0.0,174.0,162.46498599439482,0.0,0.0
50,0.1543,0.251,0.105,160.71290325035235,174.09904924870474,-13.38614599835239,0.0006723982570954149,0.0,0.0,0.0,0.0,0.0,0.0,0.0,0.0,0.0,0.0,0.0,0.0,0.0,0.0,0.0,0.0,1.0,174.0,162.46498599439482,1.070999999987968,1.0,0.0,13.287096749647645,1.0,0.0,0.0,-13.287096749647645,361.4298780159344,804.7233996507096,0.0,13.38614599835239,162.46498599439482,0.0,0.0,0.0,0.0,13.287096749647645,174.0,13.38614599835239,0.0,0.0,0.0,0.0,0.0,0.0,174.0,162.46498599439482,0.0,0.0
51,0.1543,0.251,0.105,332.6812176458411,405.6483470912592,-72.9671294454181,0.0006723982570954149,0.0,0.0,0.0,0.0,0.0,0.0,0.0,0.0,1.0,37.21858864031985,117.0395869191062,68.0,0.5810000000228401,0.3179999999459824,0.0,1.0,1.0,174.0,162.46498599439482,1.070999999987968,1.0,0.0,0.0,0.0,90.68121764584137,1.0,90.68121764584134,270.74866037009303,641.0750525594501,0.0,72.9671294454181,162.46498599439482,-37.21858864031985,0.0,37.21858864031985,0.0,0.0,332.6812176458411,72.9671294454181,0.0,0.0,0.0,37.21858864031985,0.0,68.0,174.0,162.46498599439482,0.0,90.68121764584137
52,0.1543,0.251,0.105,215.5314908646621,173.5440426580537,41.98744820660838,0.0006723982570954149,0.0,0.0,0.0,0.0,0.0,0.0,0.0,0.0,0.0,0.0,0.0,0.0,0.0,0.0,0.0,0.0,1.0,174.0,162.46498599439482,1.070999999987968,1.0,0.0,0.0,0.0,41.53149086466209,1.0,41.53149086466209,229.21716950543095,641.5310099013964,41.98744820660838,0.0,162.46498599439482,0.0,0.0,0.0,0.0,0.0,215.5314908646621,0.0,41.98744820660838,0.0,0.0,0.0,0.0,0.0,174.0,162.46498599439482,0.0,41.53149086466209
53,0.1543,0.251,0.105,244.69765472550557,274.98090659471393,-30.283251869208357,0.0006723982570954149,0.0,0.0,0.0,0.0,0.0,0.0,0.0,0.0,0.0,0.0,0.0,0.0,0.0,0.0,0.0,0.0,1.0,174.0,162.46498599439482,1.070999999987968,1.0,0.0,0.0,0.0,70.69765472550557,1.0,70.69765472550557,158.51951477992537,540.5501033066824,0.0,30.283251869208357,162.46498599439482,0.0,0.0,0.0,0.0,0.0,244.69765472550557,30.283251869208357,0.0,0.0,0.0,0.0,0.0,0.0,174.0,162.46498599439482,0.0,70.69765472550557
54,0.1543,0.251,0.105,227.71935900033648,303.3191038683971,-75.59974486806064,0.0006723982570954149,0.0,0.0,0.0,0.0,0.0,0.0,0.0,0.0,0.0,0.0,0.0,0.0,0.0,0.0,0.0,0.0,1.0,174.0,162.46498599439482,1.070999999987968,1.0,0.0,0.0,0.0,53.71935900033648,1.0,53.71935900033648,104.80015577958889,411.2309994382853,0.0,75.59974486806064,162.46498599439482,0.0,0.0,0.0,0.0,0.0,227.71935900033648,75.59974486806064,0.0,0.0,0.0,0.0,0.0,0.0,174.0,162.46498599439482,0.0,53.71935900033648
55,0.1543,0.251,0.105,224.4432990364124,237.36704593095965,-12.923746894547236,0.0006723982570954149,0.0,0.0,0.0,0.0,0.0,0.0,0.0,0.0,0.0,0.0,0.0,0.0,0.0,0.0,0.0,0.0,1.0,174.0,162.46498599439482,1.070999999987968,1.0,0.0,0.0,0.0,50.44329903641241,1.0,50.44329903641241,54.35685674317648,347.8639535073257,0.0,12.923746894547236,162.46498599439482,0.0,0.0,0.0,0.0,0.0,224.4432990364124,12.923746894547236,0.0,0.0,0.0,0.0,0.0,0.0,174.0,162.46498599439482,0.0,50.44329903641241
56,0.1543,0.251,0.105,198.58276752855443,189.61758232416906,8.965185204385364,0.0006723982570954149,0.0,0.0,0.0,0.0,0.0,0.0,0.0,0.0,0.0,0.0,0.0,0.0,0.0,0.0,0.0,0.0,1.0,174.0,162.46498599439482,1.070999999987968,1.0,0.0,0.0,0.0,24.582767528554427,1.0,24.582767528554427,29.77408921462205,332.2463711831566,8.965185204385364,0.0,162.46498599439482,0.0,0.0,0.0,0.0,0.0,198.58276752855443,0.0,8.965185204385364,0.0,0.0,0.0,0.0,0.0,174.0,162.46498599439482,0.0,24.582767528554427
57,0.1543,0.251,0.105,183.36446681294169,179.10973668148895,4.254730131452732,0.0006723982570954149,0.0,0.0,0.0,0.0,0.0,0.0,0.0,0.0,0.0,0.0,0.0,0.0,0.0,0.0,0.0,0.0,1.0,174.0,162.46498599439482,1.070999999987968,1.0,0.0,0.0,0.0,9.364466812941686,1.0,9.364466812941686,20.409622401680366,327.1366345016677,4.254730131452732,0.0,162.46498599439482,0.0,0.0,0.0,0.0,0.0,183.36446681294169,0.0,4.254730131452732,0.0,0.0,0.0,0.0,0.0,174.0,162.46498599439482,0.0,9.364466812941686
58,0.1543,0.251,0.105,167.37748595977186,157.52808527646906,9.849400683302804,0.0006723982570954149,0.0,0.0,0.0,0.0,0.0,0.0,0.0,0.0,0.0,0.0,0.0,0.0,0.0,0.0,0.0,0.0,1.0,167.37748595977186,156.18879942349292,1.0722678236217955,1.0,0.0,0.0,1.0,0.0,0.0,0.0,20.409622401680366,336.9860351849705,9.849400683302804,0.0,156.18879942349292,0.0,0.0,0.0,0.0,0.0,167.37748595977186,0.0,9.849400683302804,0.0,0.0,0.0,0.0,0.0,167.37748595977186,156.18879942349292,0.0,0.0
59,0.1543,0.251,0.105,160.93370608052308,171.40196272629234,-10.468256645769259,0.0006723982570954149,0.0,0.0,0.0,0.0,0.0,0.0,0.0,0.0,0.0,0.0,0.0,0.0,0.0,0.0,0.0,0.0,1.0,174.0,162.4649859944357,1.0709999999879598,1.0,0.0,13.066293919520064,1.0,0.0,0.0,-13.066293919520064,33.47591632120043,339.58407245872127,0.0,10.468256645769259,162.4649859944357,0.0,0.0,0.0,0.0,13.066293919520064,174.0,10.468256645769259,0.0,0.0,0.0,0.0,0.0,0.0,174.0,162.4649859944357,0.0,0.0
60,0.1543,0.251,0.105,147.56410528945275,135.7554256327609,11.80867965669185,0.0006723982570954149,0.0,0.0,0.0,0.0,0.0,0.0,0.0,0.0,0.0,0.0,0.0,0.0,0.0,0.0,0.0,0.0,1.0,174.0,162.46498599439482,1.070999999987968,1.0,0.0,26.435894710547245,1.0,0.0,0.0,-26.435894710547245,59.911811031747675,377.8286468259604,11.80867965669185,0.0,162.46498599439482,0.0,0.0,0.0,0.0,26.435894710547245,174.0,0.0,11.80867965669185,0.0,0.0,0.0,0.0,0.0,174.0,162.46498599439482,0.0,0.0
61,0.1543,0.251,0.105,149.93713971900493,110.5495662991231,39.38757341988183,0.0006723982570954149,0.0,0.0,0.0,0.0,0.0,0.0,0.0,0.0,0.0,0.0,0.0,0.0,0.0,0.0,0.0,0.0,1.0,149.93713971900493,139.66050424687592,1.0756066286453658,1.0,0.0,0.0,0.0,0.0,1.0,0.0,59.911811031747675,417.21622024584224,39.38757341988183,0.0,139.66050424687592,0.0,0.0,0.0,0.0,0.0,149.93713971900493,0.0,39.38757341988183,0.0,0.0,0.0,0.0,0.0,149.93713971900493,139.66050424687592,0.0,0.0
62,0.1543,0.251,0.105,153.10509692310882,118.87832414729553,34.22677277581329,0.0006723982570954149,0.0,0.0,0.0,0.0,0.0,0.0,0.0,0.0,0.0,0.0,0.0,0.0,0.0,0.0,0.0,0.0,1.0,153.10509692310882,142.6627916472215,1.0750001503517874,1.0,0.0,0.0,0.0,0.0,1.0,0.0,59.911811031747675,451.4429930216555,34.22677277581329,0.0,142.6627916472215,0.0,0.0,0.0,0.0,0.0,153.10509692310882,0.0,34.22677277581329,0.0,0.0,0.0,0.0,0.0,153.10509692310882,142.6627916472215,0.0,0.0
63,0.1543,0.251,0.105,176.05095758552378,111.0254250093486,65.02553257617518,0.0006723982570954149,0.0,0.0,0.0,0.0,0.0,0.0,0.0,0.0,0.0,0.0,0.0,0.0,0.0,0.0,0.0,0.0,1.0,174.0,162.4649859944357,1.0709999999879598,1.0,0.0,0.0,0.0,2.0509575854806315,1.0,2.0509575854806315,57.86085344626704,514.4175680123501,65.02553257617518,0.0,162.4649859944357,0.0,0.0,0.0,0.0,0.0,176.05095758552378,0.0,65.02553257617518,0.0,0.0,0.0,0.0,0.0,174.0,162.4649859944357,0.0,2.0509575854806315
64,0.1543,0.251,0.105,193.6464730047809,209.78601740151868,-16.13954439673779,0.0006723982570954149,0.0,0.0,0.0,0.0,0.0,0.0,0.0,0.0,0.0,0.0,0.0,0.0,0.0,0.0,0.0,0.0,1.0,174.0,162.46498599439482,1.070999999987968,1.0,0.0,0.0,0.0,19.646473004780887,1.0,19.646473004780887,38.214380441486156,478.6315506108314,0.0,16.13954439673779,162.46498599439482,0.0,0.0,0.0,0.0,0.0,193.6464730047809,16.13954439673779,0.0,0.0,0.0,0.0,0.0,0.0,174.0,162.46498599439482,0.0,19.646473004780887
65,0.1543,0.251,0.105,188.9600827968776,153.60088796335748,35.35919483352012,0.0006723982570954149,0.0,0.0,0.0,0.0,0.0,0.0,0.0,0.0,0.0,0.0,0.0,0.0,0.0,0.0,0.0,0.0,1.0,174.0,162.46498599439482,1.070999999987968,1.0,0.0,0.0,0.0,14.9600827968776,1.0,14.9600827968776,23.254297644608556,499.03066264747395,35.35919483352012,0.0,162.46498599439482,0.0,0.0,0.0,0.0,0.0,188.9600827968776,0.0,35.35919483352012,0.0,0.0,0.0,0.0,0.0,174.0,162.46498599439482,0.0,14.9600827968776
66,0.1543,0.251,0.105,197.25429764460856,137.24548511278874,60.008812531819814,0.0006723982570954149,0.0,0.0,0.0,0.0,0.0,0.0,0.0,0.0,0.0,0.0,0.0,0.0,0.0,0.0,0.0,0.0,1.0,174.0,162.46498599439482,1.070999999987968,1.0,0.0,0.0,0.0,23.254297644608556,1.0,23.254297644608556,0.0,535.7851775346852,60.008812531819814,0.0,162.46498599439482,0.0,0.0,0.0,0.0,0.0,197.25429764460856,0.0,60.008812531819814,0.0,0.0,0.0,0.0,0.0,174.0,162.46498599439482,0.0,23.254297644608556
67,0.1543,0.251,0.105,172.12549540239544,198.77158886392846,-26.646093461533013,0.0006723982570954149,0.0,0.0,0.0,0.0,0.0,0.0,0.0,0.0,0.0,0.0,0.0,0.0,0.0,0.0,0.0,0.0,1.0,172.12549540239544,160.6885094914965,1.071358857850122,1.0,0.0,0.0,0.0,0.0,1.0,0.0,0.0,509.13908407315216,0.0,26.646093461533013,160.6885094914965,0.0,0.0,0.0,0.0,0.0,172.12549540239544,26.646093461533013,0.0,0.0,0.0,0.0,0.0,0.0,172.12549540239544,160.6885094914965,0.0,0.0
68,0.1543,0.251,0.105,158.46999716488727,152.71412823599175,5.755868928895524,0.0006723982570954149,0.0,0.0,0.0,0.0,0.0,0.0,0.0,0.0,0.0,0.0,0.0,0.0,0.0,0.0,0.0,0.0,1.0,158.46999716488727,147.74713192149574,1.0739730861163117,1.0,0.0,0.0,0.0,0.0,1.0,0.0,0.0,514.8949530020477,5.755868928895524,0.0,147.74713192149574,0.0,0.0,0.0,0.0,0.0,158.46999716488727,0.0,5.755868928895524,0.0,0.0,0.0,0.0,0.0,158.46999716488727,147.74713192149574,0.0,0.0
69,0.1543,0.251,0.105,111.89990628579528,110.01946026904308,1.8804460167522024,0.0006723982570954149,0.0,0.0,0.0,0.0,0.0,0.0,0.0,0.0,0.0,0.0,0.0,0.0,0.0,0.0,0.0,0.0,1.0,111.89990628579528,103.61244572746388,1.082888531442264,1.0,0.0,0.0,1.0,0.0,0.0,0.0,0.0,516.7753990187999,1.8804460167522024,0.0,103.61244572746388,0.0,0.0,0.0,0.0,0.0,111.89990628579528,0.0,1.8804460167522024,0.0,0.0,0.0,0.0,0.0,111.89990628579528,103.61244572746388,0.0,0.0
70,0.1543,0.251,0.105,109.72485750349446,107.46100044605538,2.2638570574390826,0.0006723982570954149,0.0,0.0,0.0,0.0,0.0,0.0,0.0,0.0,0.0,0.0,0.0,0.0,0.0,0.0,0.0,0.0,1.0,148.0870512275098,137.90716699839768,1.0759608122529718,1.0,0.0,38.362193724015334,1.0,0.0,0.0,-38.362193724015334,38.362193724015334,557.4014498002543,2.2638570574390826,0.0,137.90716699839768,0.0,0.0,0.0,0.0,38.362193724015334,148.0870512275098,0.0,2.2638570574390826,0.0,0.0,0.0,0.0,0.0,148.0870512275098,137.90716699839768,0.0,0.0
71,0.1543,0.251,0.105,108.90660099078607,87.80549912617711,21.101101864608964,0.0006723982570954149,0.0,0.0,0.0,0.0,0.0,0.0,0.0,0.0,0.0,0.0,0.0,0.0,0.0,0.0,0.0,0.0,1.0,108.90660099078607,100.77567673293575,1.083461574122615,1.0,0.0,0.0,1.0,0.0,0.0,0.0,38.362193724015334,578.5025516648633,21.101101864608964,0.0,100.77567673293575,0.0,0.0,0.0,0.0,0.0,108.90660099078607,0.0,21.101101864608964,0.0,0.0,0.0,0.0,0.0,108.90660099078607,100.77567673293575,0.0,0.0
72,0.1543,0.251,0.105,109.17544520199633,70.32282005167954,38.85262515031678,0.0006723982570954149,0.0,0.0,0.0,0.0,0.0,0.0,0.0,0.0,0.0,0.0,0.0,0.0,0.0,0.0,0.0,0.0,1.0,109.17544520199633,101.03046161037247,1.0834101061992978,1.0,0.0,0.0,1.0,0.0,0.0,0.0,38.362193724015334,617.3551768151801,38.85262515031678,0.0,101.03046161037247,0.0,0.0,0.0,0.0,0.0,109.17544520199633,0.0,38.85262515031678,0.0,0.0,0.0,0.0,0.0,109.17544520199633,101.03046161037247,0.0,0.0
73,0.1543,0.251,0.105,110.2910467007094,140.4486798061851,-30.15763310547571,0.0006723982570954149,0.0,0.0,0.0,0.0,0.0,0.0,0.0,0.0,0.0,0.0,0.0,0.0,0.0,0.0,0.0,0.0,1.0,174.0,162.4649859943712,1.070999999987973,1.0,0.0,63.70895329930882,1.0,0.0,0.0,-63.70895329926568,102.07114702328101,650.9064970089701,0.0,30.15763310547571,162.4649859943712,0.0,0.0,0.0,0.0,63.70895329930882,174.0,30.15763310547571,0.0,0.0,0.0,0.0,0.0,0.0,174.0,162.4649859943712,0.0,0.0
74,0.1543,0.251,0.105,130.4486523936603,99.62710251556828,30.821549878092014,0.0006723982570954149,0.0,0.0,0.0,0.0,0.0,0.0,0.0,0.0,0.0,0.0,0.0,0.0,0.0,0.0,0.0,0.0,1.0,130.4486523936603,121.19117648168984,1.079337532750443,1.0,0.0,0.0,0.0,0.0,1.0,0.0,102.07114702328101,681.7280468870621,30.821549878092014,0.0,121.19117648168984,0.0,0.0,0.0,0.0,0.0,130.4486523936603,0.0,30.821549878092014,0.0,0.0,0.0,0.0,0.0,130.4486523936603,121.19117648168984,0.0,0.0
75,0.1543,0.251,0.105,253.28816401438664,291.9162554707991,-38.62809145641248,0.0006723982570954149,0.0,0.0,0.0,0.0,0.0,0.0,0.0,0.0,0.0,0.0,0.0,0.0,0.0,0.0,0.0,0.0,1.0,156.2552934598047,145.64824718256853,1.0743970721859784,1.0,0.0,0.0,0.0,97.03287055458193,1.0,97.03287055458193,5.038276468699081,546.0670848760676,0.0,38.62809145641248,145.64824718256853,0.0,0.0,0.0,0.0,0.0,253.28816401438664,38.62809145641248,0.0,0.0,0.0,0.0,0.0,0.0,156.2552934598047,145.64824718256853,0.0,97.03287055458193
76,0.1543,0.251,0.105,165.82631078394223,93.07076989950073,72.7555408844415,0.0006723982570954149,0.0,0.0,0.0,0.0,0.0,0.0,0.0,0.0,0.0,0.0,0.0,0.0,0.0,0.0,0.0,0.0,1.0,165.82631078394223,154.71874367902475,1.0725647828333846,1.0,0.0,0.0,0.0,0.0,1.0,0.0,5.038276468699081,618.8226257605091,72.7555408844415,0.0,154.71874367902475,0.0,0.0,0.0,0.0,0.0,165.82631078394223,0.0,72.7555408844415,0.0,0.0,0.0,0.0,0.0,165.82631078394223,154.71874367902475,0.0,0.0
77,0.1543,0.251,0.105,179.0382764686991,183.7002399627857,-4.661963494086592,0.0006723982570954149,0.0,0.0,0.0,0.0,0.0,0.0,0.0,0.0,0.0,0.0,0.0,0.0,0.0,0.0,0.0,0.0,1.0,174.0,162.46498599439485,1.070999999987968,1.0,0.0,0.0,0.0,5.038276468699081,1.0,5.038276468699081,0.0,609.1223857977235,0.0,4.661963494086592,162.46498599439485,0.0,0.0,0.0,0.0,0.0,179.0382764686991,4.661963494086592,0.0,0.0,0.0,0.0,0.0,0.0,174.0,162.46498599439485,0.0,5.038276468699081
78,0.1543,0.251,0.105,168.50833789730706,139.10796313948197,29.40037475782509,0.0006723982570954149,0.0,0.0,0.0,0.0,0.0,0.0,0.0,0.0,0.0,0.0,0.0,0.0,0.0,0.0,0.0,0.0,1.0,168.50833789730706,157.2605129300138,1.072051331696817,1.0,0.0,0.0,0.0,0.0,1.0,0.0,0.0,638.5227605555485,29.40037475782509,0.0,157.2605129300138,0.0,0.0,0.0,0.0,0.0,168.50833789730706,0.0,29.40037475782509,0.0,0.0,0.0,0.0,0.0,168.50833789730706,157.2605129300138,0.0,0.0
79,0.1543,0.251,0.105,159.76463940823692,123.50984328048105,36.25479612775587,0.0006723982570954149,0.0,0.0,0.0,0.0,0.0,0.0,0.0,0.0,0.0,0.0,0.0,0.0,0.0,0.0,0.0,0.0,1.0,159.76463940823692,148.97407024317778,1.0737252379390938,1.0,0.0,0.0,0.0,0.0,1.0,0.0,0.0,674.7775566833044,36.25479612775587,0.0,148.97407024317778,0.0,0.0,0.0,0.0,0.0,159.76463940823692,0.0,36.25479612775587,0.0,0.0,0.0,0.0,0.0,159.76463940823692,148.97407024317778,0.0,0.0
80,0.1543,0.251,0.105,137.86316145613668,128.8979762517513,8.965185204385392,0.0006723982570954149,0.0,0.0,0.0,0.0,0.0,0.0,0.0,0.0,0.0,0.0,0.0,0.0,0.0,0.0,0.0,0.0,1.0,137.86316145613668,128.21794032470643,1.077918088447942,1.0,0.0,0.0,0.0,0.0,1.0,0.0,0.0,683.7427418876898,8.965185204385392,0.0,128.21794032470643,0.0,0.0,0.0,0.0,0.0,137.86316145613668,0.0,8.965185204385392,0.0,0.0,0.0,0.0,0.0,137.86316145613668,128.21794032470643,0.0,0.0
81,0.1543,0.251,0.105,128.2122606084446,99.01944666212542,29.19281394631919,0.0006723982570954149,0.0,0.0,0.0,0.0,0.0,0.0,0.0,0.0,0.0,0.0,0.0,0.0,0.0,0.0,0.0,0.0,1.0,128.2122606084446,119.07173785092439,1.0797656708174326,1.0,0.0,0.0,0.0,0.0,1.0,0.0,0.0,712.935555834009,29.19281394631919,0.0,119.07173785092439,0.0,0.0,0.0,0.0,0.0,128.2122606084446,0.0,29.19281394631919,0.0,0.0,0.0,0.0,0.0,128.2122606084446,119.07173785092439,0.0,0.0
82,0.1543,0.251,0.105,109.95704053293868,100.10763984963587,9.849400683302804,0.0006723982570954149,0.0,0.0,0.0,0.0,0.0,0.0,0.0,0.0,0.0,0.0,0.0,0.0,0.0,0.0,0.0,0.0,1.0,109.95704053293868,101.77118304790241,1.0832604764625182,1.0,0.0,0.0,0.0,0.0,1.0,0.0,0.0,722.7849565173119,9.849400683302804,0.0,101.77118304790241,0.0,0.0,0.0,0.0,0.0,109.95704053293868,0.0,9.849400683302804,0.0,0.0,0.0,0.0,0.0,109.95704053293868,101.77118304790241,0.0,0.0
83,0.1543,0.251,0.105,101.07744303686842,56.73484708003102,44.3425959568374,0.0006723982570954149,0.0,0.0,0.0,0.0,0.0,0.0,0.0,0.0,0.0,0.0,0.0,0.0,0.0,0.0,0.0,0.0,1.0,101.07744303686842,93.35594825620228,1.0849603994065857,1.0,0.0,0.0,1.0,0.0,0.0,0.0,0.0,767.1275524741493,44.3425959568374,0.0,93.35594825620228,0.0,0.0,0.0,0.0,0.0,101.07744303686842,0.0,44.3425959568374,0.0,0.0,0.0,0.0,0.0,101.07744303686842,93.35594825620228,0.0,0.0
84,0.1543,0.251,0.105,95.5966109525952,83.78793129590335,11.80867965669185,0.0006723982570954149,0.0,0.0,0.0,0.0,0.0,0.0,0.0,0.0,0.0,0.0,0.0,0.0,0.0,0.0,0.0,0.0,1.0,95.5966109525952,88.16173884936214,1.0860096578010974,1.0,0.0,0.0,1.0,0.0,0.0,0.0,0.0,778.9362321308412,11.80867965669185,0.0,88.16173884936214,0.0,0.0,0.0,0.0,0.0,95.5966109525952,0.0,11.80867965669185,0.0,0.0,0.0,0.0,0.0,95.5966109525952,88.16173884936214,0.0,0.0
85,0.1543,0.251,0.105,90.3257063571908,125.84940323336134,-35.52369687617055,0.0006723982570954149,0.0,0.0,0.0,0.0,0.0,0.0,0.0,0.0,0.0,0.0,0.0,0.0,0.0,0.0,0.0,0.0,1.0,90.3257063571908,83.16647867516963,1.087018727374542,1.0,0.0,0.0,1.0,0.0,0.0,0.0,0.0,743.4125352546706,0.0,35.52369687617055,83.16647867516963,0.0,0.0,0.0,0.0,0.0,90.3257063571908,35.52369687617055,0.0,0.0,0.0,0.0,0.0,0.0,90.3257063571908,83.16647867516963,0.0,0.0
86,0.1543,0.251,0.105,96.74650847346804,155.2798675891568,-58.533359115688754,0.0006723982570954149,0.0,0.0,0.0,0.0,0.0,0.0,0.0,0.0,0.0,0.0,0.0,0.0,0.0,0.0,0.0,0.0,1.0,96.74650847346804,89.25150194153173,1.0857895197621916,1.0,0.0,0.0,1.0,0.0,0.0,0.0,0.0,684.8791761389818,0.0,58.533359115688754,89.25150194153173,0.0,0.0,0.0,0.0,0.0,96.74650847346804,58.533359115688754,0.0,0.0,0.0,0.0,0.0,0.0,96.74650847346804,89.25150194153173,0.0,0.0
87,0.1543,0.251,0.105,102.66508087167556,88.42984188902086,14.235238982654693,0.0006723982570954149,0.0,0.0,0.0,0.0,0.0,0.0,0.0,0.0,0.0,0.0,0.0,0.0,0.0,0.0,0.0,0.0,1.0,172.60561193724257,161.1435181075857,1.071266943648631,1.0,0.0,69.94053106556701,1.0,0.0,0.0,-69.94053106556701,69.94053106556701,769.0549461872035,14.235238982654693,0.0,161.1435181075857,0.0,0.0,0.0,0.0,69.94053106556701,172.60561193724257,0.0,14.235238982654693,0.0,0.0,0.0,0.0,0.0,172.60561193724257,161.1435181075857,0.0,0.0
88,0.1543,0.251,0.105,123.32553188253804,82.57883700929273,40.74669487324532,0.0006723982570954149,0.0,0.0,0.0,0.0,0.0,0.0,0.0,0.0,0.0,0.0,0.0,0.0,0.0,0.0,0.0,0.0,1.0,123.32553188253803,114.44056288944118,1.0807011932086534,1.0,0.0,0.0,1.0,0.0,0.0,0.0,69.94053106556701,809.8016410604489,40.74669487324532,0.0,114.44056288944118,0.0,0.0,0.0,0.0,0.0,123.32553188253804,0.0,40.74669487324532,0.0,0.0,0.0,0.0,0.0,123.32553188253803,114.44056288944118,0.0,0.0
89,0.1543,0.251,0.105,114.42528416154738,135.24091895617408,-20.815634794626703,0.0006723982570954149,0.0,0.0,0.0,0.0,0.0,0.0,0.0,0.0,0.0,0.0,0.0,0.0,0.0,0.0,0.0,0.0,1.0,85.2,78.30882352940881,1.0879999999879681,1.0,0.0,0.0,0.0,29.22528416154738,1.0,29.22528416154738,40.71524690401964,759.7607221042748,0.0,20.815634794626703,78.30882352940881,0.0,0.0,0.0,0.0,0.0,114.42528416154738,20.815634794626703,0.0,0.0,0.0,0.0,0.0,0.0,85.2,78.30882352940881,0.0,29.22528416154738
90,0.1543,0.251,0.105,125.91524690401964,93.73661542945646,32.178631474563176,0.0006723982570954149,0.0,0.0,0.0,0.0,0.0,0.0,0.0,0.0,0.0,0.0,0.0,0.0,0.0,0.0,0.0,0.0,1.0,85.2,78.30882352940881,1.0879999999879681,1.0,0.0,0.0,0.0,40.71524690401964,1.0,40.71524690401964,0.0,751.2241066748184,32.178631474563176,0.0,78.30882352940881,0.0,0.0,0.0,0.0,0.0,125.91524690401964,0.0,32.178631474563176,0.0,0.0,0.0,0.0,0.0,85.2,78.30882352940881,0.0,40.71524690401964
91,0.1543,0.251,0.105,111.25007058230038,114.37353632619123,-3.123465743890847,0.0006723982570954149,0.0,0.0,0.0,0.0,0.0,0.0,0.0,0.0,0.0,0.0,0.0,0.0,0.0,0.0,0.0,0.0,1.0,111.25007058230038,102.99659348603521,1.0830129369260413,1.0,0.0,0.0,1.0,0.0,0.0,0.0,0.0,748.1006409309275,0.0,3.123465743890847,102.99659348603521,0.0,0.0,0.0,0.0,0.0,111.25007058230038,3.123465743890847,0.0,0.0,0.0,0.0,0.0,0.0,111.25007058230038,102.99659348603521,0.0,0.0
92,0.1543,0.251,0.105,100.6521407963136,74.41783271863217,26.234308077681433,0.0006723982570954149,0.0,0.0,0.0,0.0,0.0,0.0,0.0,0.0,0.0,0.0,0.0,0.0,0.0,0.0,0.0,0.0,1.0,100.6521407963136,92.95288739524672,1.0850418198805658,1.0,0.0,0.0,1.0,0.0,0.0,0.0,0.0,774.334949008609,26.234308077681433,0.0,92.95288739524672,0.0,0.0,0.0,0.0,0.0,100.6521407963136,0.0,26.234308077681433,0.0,0.0,0.0,0.0,0.0,100.6521407963136,92.95288739524672,0.0,0.0
93,0.1543,0.251,0.105,67.39891483152041,28.916226094788925,38.48268873673149,0.0006723982570954149,0.0,0.0,0.0,0.0,0.0,0.0,0.0,0.0,0.0,0.0,0.0,0.0,0.0,0.0,0.0,0.0,1.0,92.04041201837128,84.79151300176801,1.086690461651118,1.0,0.0,24.64149718685087,1.0,0.0,0.0,-24.64149718685087,24.64149718685087,837.4591349321913,38.48268873673149,0.0,84.79151300176801,0.0,0.0,0.0,0.0,24.64149718685087,92.04041201837128,0.0,38.48268873673149,0.0,0.0,0.0,0.0,0.0,92.04041201837128,84.79151300176801,0.0,0.0
94,0.1543,0.251,0.105,69.84053871351391,50.527080001489125,19.313458712024783,0.0006723982570954149,0.0,0.0,0.0,0.0,0.0,0.0,0.0,0.0,0.0,0.0,0.0,0.0,0.0,0.0,0.0,0.0,1.0,85.2,78.30882352940881,1.0879999999879681,1.0,0.0,15.359461286486095,1.0,0.0,0.0,-15.359461286486095,40.000958473336965,872.1320549307022,19.313458712024783,0.0,78.30882352940881,0.0,0.0,0.0,0.0,15.359461286486095,85.2,0.0,19.313458712024783,0.0,0.0,0.0,0.0,0.0,85.2,78.30882352940881,0.0,0.0
95,0.1543,0.251,0.105,66.44883294119172,45.34773107658276,21.101101864608964,0.0006723982570954149,0.0,0.0,0.0,0.0,0.0,0.0,0.0,0.0,0.0,0.0,0.0,0.0,0.0,0.0,0.0,0.0,1.0,85.2,78.30882352940881,1.0879999999879681,1.0,0.0,18.751167058808278,1.0,0.0,0.0,-18.751167058808278,58.75212553214524,911.9843238541195,21.101101864608964,0.0,78.30882352940881,0.0,0.0,0.0,0.0,18.751167058808278,85.2,0.0,21.101101864608964,0.0,0.0,0.0,0.0,0.0,85.2,78.30882352940881,0.0,0.0
96,0.1543,0.251,0.105,68.1672830937166,69.74220744117486,-1.57492434745825,0.0006723982570954149,0.0,0.0,0.0,0.0,0.0,0.0,0.0,0.0,0.0,0.0,0.0,0.0,0.0,0.0,0.0,0.0,1.0,85.2,78.30882352940881,1.0879999999879681,1.0,0.0,17.032716906283397,1.0,0.0,0.0,-17.032716906283397,75.78484243842864,927.4421164129446,0.0,1.57492434745825,78.30882352940881,0.0,0.0,0.0,0.0,17.032716906283397,85.2,1.57492434745825,0.0,0.0,0.0,0.0,0.0,0.0,85.2,78.30882352940881,0.0,0.0
97,0.1543,0.251,0.105,71.7939096412927,80.50689718343546,-8.712987542142756,0.0006723982570954149,0.0,0.0,0.0,0.0,0.0,0.0,0.0,0.0,0.0,0.0,0.0,0.0,0.0,0.0,0.0,0.0,1.0,85.2,78.30882352940881,1.0879999999879681,1.0,0.0,13.406090358707303,1.0,0.0,0.0,-13.406090358707303,89.19093279713594,932.1352192295092,0.0,8.712987542142756,78.30882352940881,0.0,0.0,0.0,0.0,13.406090358707303,85.2,8.712987542142756,0.0,0.0,0.0,0.0,0.0,0.0,85.2,78.30882352940881,0.0,0.0
98,0.1543,0.251,0.105,86.67575774332819,122.16575167990277,-35.48999393657458,0.0006723982570954149,0.0,0.0,0.0,0.0,0.0,0.0,0.0,0.0,0.0,0.0,0.0,0.0,0.0,0.0,0.0,0.0,1.0,86.67575774332819,79.70740583128368,1.087717478798367,1.0,0.0,0.0,1.0,0.0,0.0,0.0,89.19093279713594,896.6452252929346,0.0,35.48999393657458,79.70740583128368,0.0,0.0,0.0,0.0,0.0,86.67575774332819,35.48999393657458,0.0,0.0,0.0,0.0,0.0,0.0,86.67575774332819,79.70740583128368,0.0,0.0
99,0.1543,0.251,0.105,174.39093279713595,247.358062242554,-72.96712944541807,0.0006723982570954149,0.0,0.0,0.0,0.0,0.0,0.0,0.0,0.0,0.0,0.0,0.0,0.0,0.0,0.0,0.0,0.0,1.0,85.2,78.30882352940881,1.0879999999879681,1.0,0.0,0.0,0.0,89.19093279713594,1.0,89.19093279713594,0.0,734.4871630503806,0.0,72.96712944541807,78.30882352940881,0.0,0.0,0.0,0.0,0.0,174.39093279713595,72.96712944541807,0.0,0.0,0.0,0.0,0.0,0.0,85.2,78.30882352940881,0.0,89.19093279713594
100,0.1543,0.251,0.105,117.44465066347948,136.99338781253735,-19.54873714905787,0.0006723982570954149,0.0,0.0,0.0,0.0,0.0,0.0,0.0,0.0,0.0,0.0,0.0,0.0,0.0,0.0,0.0,0.0,1.0,174.0,162.46498599439482,1.070999999987968,1.0,0.0,56.55534933652052,1.0,0.0,0.0,-56.55534933652052,56.55534933652052,771.4937752378432,0.0,19.54873714905787,162.46498599439482,0.0,0.0,0.0,0.0,56.55534933652052,174.0,19.54873714905787,0.0,0.0,0.0,0.0,0.0,0.0,174.0,162.46498599439482,0.0,0.0
101,0.1543,0.251,0.105,124.09501837997227,128.75698187405885,-4.661963494086578,0.0006723982570954149,0.0,0.0,0.0,0.0,0.0,0.0,0.0,0.0,0.0,0.0,0.0,0.0,0.0,0.0,0.0,0.0,1.0,85.2,78.30882352940881,1.0879999999879681,1.0,0.0,0.0,0.0,38.89501837997227,1.0,38.89501837997227,17.66033095654825,727.9367933637844,0.0,4.661963494086578,78.30882352940881,0.0,0.0,0.0,0.0,0.0,124.09501837997227,4.661963494086578,0.0,0.0,0.0,0.0,0.0,0.0,85.2,78.30882352940881,0.0,38.89501837997227
102,0.1543,0.251,0.105,116.96088794574258,140.06057300086036,-23.099685055117774,0.0006723982570954149,0.0,0.0,0.0,0.0,0.0,0.0,0.0,0.0,0.0,0.0,0.0,0.0,0.0,0.0,0.0,0.0,1.0,116.96088794574258,108.40876098429766,1.0819196498181751,1.0,0.0,0.0,0.0,0.0,1.0,0.0,17.66033095654825,704.8371083086666,0.0,23.099685055117774,108.40876098429766,0.0,0.0,0.0,0.0,0.0,116.96088794574258,23.099685055117774,0.0,0.0,0.0,0.0,0.0,0.0,116.96088794574258,108.40876098429766,0.0,0.0
103,0.1543,0.251,0.105,117.43053585606424,81.17573972830837,36.25479612775587,0.0006723982570954149,0.0,0.0,0.0,0.0,0.0,0.0,0.0,0.0,0.0,0.0,0.0,0.0,0.0,0.0,0.0,0.0,1.0,174.0,162.46498599439482,1.070999999987968,1.0,0.0,56.56946414393576,1.0,0.0,0.0,-56.56946414393576,74.22979510048401,797.6613685803583,36.25479612775587,0.0,162.46498599439482,0.0,0.0,0.0,0.0,56.56946414393576,174.0,0.0,36.25479612775587,0.0,0.0,0.0,0.0,0.0,174.0,162.46498599439482,0.0,0.0
104,0.1543,0.251,0.105,104.21979680999824,68.77606974757123,35.443727062427016,0.0006723982570954149,0.0,0.0,0.0,0.0,0.0,0.0,0.0,0.0,0.0,0.0,0.0,0.0,0.0,0.0,0.0,0.0,1.0,85.2,78.30882352940881,1.0879999999879681,1.0,0.0,0.0,0.0,19.01979681000669,1.0,19.019796809998233,55.20999829048578,814.0852988327871,35.443727062427016,0.0,78.30882352940881,0.0,0.0,0.0,0.0,0.0,104.2197968100067,0.0,35.443727062427016,0.0,0.0,0.0,0.0,0.0,85.2,78.30882352940881,0.0,19.01979681000669
105,0.1543,0.251,0.105,101.23678011650172,121.92013379991545,-20.683353683413728,0.0006723982570954149,0.0,0.0,0.0,0.0,0.0,0.0,0.0,0.0,0.0,0.0,0.0,0.0,0.0,0.0,0.0,0.0,1.0,85.2,78.30882352940881,1.0879999999879681,1.0,0.0,0.0,0.0,16.036780116501717,1.0,16.036780116501717,39.17321817398406,777.3651650328717,0.0,20.683353683413728,78.30882352940881,0.0,0.0,0.0,0.0,0.0,101.23678011650172,20.683353683413728,0.0,0.0,0.0,0.0,0.0,0.0,85.2,78.30882352940881,0.0,16.036780116501717
106,0.1543,0.251,0.105,97.69695800743143,146.10378687105666,-48.40682886362522,0.0006723982570954149,0.0,0.0,0.0,0.0,0.0,0.0,0.0,0.0,0.0,0.0,0.0,0.0,0.0,0.0,0.0,0.0,1.0,85.2,78.30882352940881,1.0879999999879681,1.0,0.0,0.0,0.0,12.49695800743143,1.0,12.49695800743143,26.67626016655263,716.461378161815,0.0,48.40682886362522,78.30882352940881,0.0,0.0,0.0,0.0,0.0,97.69695800743143,48.40682886362522,0.0,0.0,0.0,0.0,0.0,0.0,85.2,78.30882352940881,0.0,12.49695800743143
107,0.1543,0.251,0.105,90.9034410112922,101.37169765706147,-10.468256645769273,0.0006723982570954149,0.0,0.0,0.0,0.0,0.0,0.0,0.0,0.0,0.0,0.0,0.0,0.0,0.0,0.0,0.0,0.0,1.0,85.2,78.30882352940881,1.0879999999879681,1.0,0.0,0.0,0.0,5.70344101129483,1.0,5.703441011292199,20.97281915526043,700.2896805047535,0.0,10.468256645769273,78.30882352940881,0.0,0.0,0.0,0.0,0.0,90.90344101129483,10.468256645769273,0.0,0.0,0.0,0.0,0.0,0.0,85.2,78.30882352940881,0.0,5.70344101129483
108,0.1543,0.251,0.105,84.0176509163542,95.61039777848478,-11.592746862130582,0.0006723982570954149,0.0,0.0,0.0,0.0,0.0,0.0,0.0,0.0,0.0,0.0,0.0,0.0,0.0,0.0,0.0,0.0,1.0,174.0,162.46498599439482,1.070999999987968,1.0,0.0,89.9823490836458,1.0,0.0,0.0,-89.9823490836458,110.95516823890623,778.6792827262688,0.0,11.592746862130582,162.46498599439482,0.0,0.0,0.0,0.0,89.9823490836458,174.0,11.592746862130582,0.0,0.0,0.0,0.0,0.0,0.0,174.0,162.46498599439482,0.0,0.0
109,0.1543,0.251,0.105,90.94877020855232,126.47246708472287,-35.52369687617055,0.0006723982570954149,0.0,0.0,0.0,0.0,0.0,0.0,0.0,0.0,0.0,0.0,0.0,0.0,0.0,0.0,0.0,0.0,1.0,85.2,78.30882352940881,1.0879999999879681,1.0,0.0,0.0,0.0,5.748770208552315,1.0,5.748770208552315,105.20639803035391,737.4068156415459,0.0,35.52369687617055,78.30882352940881,0.0,0.0,0.0,0.0,0.0,90.94877020855232,35.52369687617055,0.0,0.0,0.0,0.0,0.0,0.0,85.2,78.30882352940881,0.0,5.748770208552315
110,0.1543,0.251,0.105,100.6601687548224,66.4333959790091,34.22677277581329,0.0006723982570954149,0.0,0.0,0.0,0.0,0.0,0.0,0.0,0.0,0.0,0.0,0.0,0.0,0.0,0.0,0.0,0.0,1.0,100.6601687548224,92.96049552791031,1.085040282996617,1.0,0.0,0.0,1.0,0.0,0.0,0.0,105.20639803035391,771.6335884173592,34.22677277581329,0.0,92.96049552791031,0.0,0.0,0.0,0.0,0.0,100.6601687548224,0.0,34.22677277581329,0.0,0.0,0.0,0.0,0.0,100.6601687548224,92.96049552791031,0.0,0.0
111,0.1543,0.251,0.105,107.3334469743905,67.70306119497556,39.63038577941494,0.0006723982570954149,0.0,0.0,0.0,0.0,0.0,0.0,0.0,0.0,0.0,0.0,0.0,0.0,0.0,0.0,0.0,0.0,1.0,85.2,78.30882352940881,1.0879999999879681,1.0,0.0,0.0,0.0,22.133446974390495,1.0,22.133446974390495,83.07295105596342,789.1305272223836,39.63038577941494,0.0,78.30882352940881,0.0,0.0,0.0,0.0,0.0,107.3334469743905,0.0,39.63038577941494,0.0,0.0,0.0,0.0,0.0,85.2,78.30882352940881,0.0,22.133446974390495
112,0.1543,0.251,0.105,112.77693330004227,100.4733580617885,12.30357523825377,0.0006723982570954149,0.0,0.0,0.0,0.0,0.0,0.0,0.0,0.0,0.0,0.0,0.0,0.0,0.0,0.0,0.0,0.0,1.0,174.0,162.46498599439482,1.070999999987968,1.0,0.0,61.22306669995773,1.0,0.0,0.0,-61.22306669995771,144.29601775592113,862.6571691605951,12.30357523825377,0.0,162.46498599439482,0.0,0.0,0.0,0.0,61.22306669995773,174.0,0.0,12.30357523825377,0.0,0.0,0.0,0.0,0.0,174.0,162.46498599439482,0.0,0.0
113,0.1543,0.251,0.105,110.39162881846248,75.03243398494237,35.35919483352011,0.0006723982570954149,0.0,0.0,0.0,0.0,0.0,0.0,0.0,0.0,0.0,0.0,0.0,0.0,0.0,0.0,0.0,0.0,1.0,110.39162881846248,102.18304433576188,1.083177278254704,1.0,0.0,0.0,1.0,0.0,0.0,0.0,144.29601775592113,898.0163639941152,35.35919483352011,0.0,102.18304433576188,0.0,0.0,0.0,0.0,0.0,110.39162881846248,0.0,35.35919483352011,0.0,0.0,0.0,0.0,0.0,110.39162881846248,102.18304433576188,0.0,0.0
114,0.1543,0.251,0.105,110.65087332586424,106.30242290855772,4.348450417306523,0.0006723982570954149,0.0,0.0,0.0,0.0,0.0,0.0,0.0,0.0,0.0,0.0,0.0,0.0,0.0,0.0,0.0,0.0,1.0,85.2,78.30882352940881,1.0879999999879681,1.0,0.0,0.0,0.0,25.450873325864237,1.0,25.450873325864237,118.84514443005689,876.9139410855574,4.348450417306523,0.0,78.30882352940881,0.0,0.0,0.0,0.0,0.0,110.65087332586424,0.0,4.348450417306523,0.0,0.0,0.0,0.0,0.0,85.2,78.30882352940881,0.0,25.450873325864237
115,0.1543,0.251,0.105,103.90077645845513,130.54686991998813,-26.646093461533,0.0006723982570954149,0.0,0.0,0.0,0.0,0.0,0.0,0.0,0.0,0.0,0.0,0.0,0.0,0.0,0.0,0.0,0.0,1.0,85.2,78.30882352940881,1.0879999999879681,1.0,0.0,0.0,0.0,18.70077645846353,1.0,18.700776458455138,100.14436797160175,831.5670711655694,0.0,26.646093461533,78.30882352940881,0.0,0.0,0.0,0.0,0.0,103.90077645846353,26.646093461533,0.0,0.0,0.0,0.0,0.0,0.0,85.2,78.30882352940881,0.0,18.70077645846353
116,0.1543,0.251,0.105,93.59897834804954,67.36467027036811,26.234308077681433,0.0006723982570954149,0.0,0.0,0.0,0.0,0.0,0.0,0.0,0.0,0.0,0.0,0.0,0.0,0.0,0.0,0.0,0.0,1.0,85.2,78.30882352940881,1.0879999999879681,1.0,0.0,0.0,0.0,8.398978348052172,1.0,8.398978348049539,91.74538962355221,849.4024008952013,26.234308077681433,0.0,78.30882352940881,0.0,0.0,0.0,0.0,0.0,93.59897834805217,0.0,26.234308077681433,0.0,0.0,0.0,0.0,0.0,85.2,78.30882352940881,0.0,8.398978348052172
117,0.1543,0.251,0.105,69.14730637746624,67.26686036071403,1.8804460167522024,0.0006723982570954149,0.0,0.0,0.0,0.0,0.0,0.0,0.0,0.0,0.0,0.0,0.0,0.0,0.0,0.0,0.0,0.0,1.0,85.2,78.30882352940881,1.0879999999879681,1.0,0.0,16.052693622533766,1.0,0.0,0.0,-16.052693622533766,107.79808324608598,867.3355405344872,1.8804460167522024,0.0,78.30882352940881,0.0,0.0,0.0,0.0,16.052693622533766,85.2,0.0,1.8804460167522024,0.0,0.0,0.0,0.0,0.0,85.2,78.30882352940881,0.0,0.0
118,0.1543,0.251,0.105,71.3043020868362,51.99084337481142,19.313458712024783,0.0006723982570954149,0.0,0.0,0.0,0.0,0.0,0.0,0.0,0.0,0.0,0.0,0.0,0.0,0.0,0.0,0.0,0.0,1.0,174.0,162.46498599439482,1.070999999987968,1.0,0.0,102.6956979131638,1.0,0.0,0.0,-102.6956979131638,210.49378115924978,989.3446971596758,19.313458712024783,0.0,162.46498599439482,0.0,0.0,0.0,0.0,102.6956979131638,174.0,0.0,19.313458712024783,0.0,0.0,0.0,0.0,0.0,174.0,162.46498599439482,0.0,0.0
119,0.1543,0.251,0.105,72.13511824618648,51.034016381577516,21.101101864608964,0.0006723982570954149,0.0,0.0,0.0,0.0,0.0,0.0,0.0,0.0,0.0,0.0,0.0,0.0,0.0,0.0,0.0,0.0,1.0,85.2,78.30882352940881,1.0879999999879681,1.0,0.0,13.064881753813523,1.0,0.0,0.0,-13.064881753813523,223.5586629130633,1023.5106807780983,21.101101864608964,0.0,78.30882352940881,0.0,0.0,0.0,0.0,13.064881753813523,85.2,0.0,21.101101864608964,0.0,0.0,0.0,0.0,0.0,85.2,78.30882352940881,0.0,0.0
120,0.1543,0.251,0.105,79.8576553669177,81.43257971437595,-1.57492434745825,0.0006723982570954149,0.0,0.0,0.0,0.0,0.0,0.0,0.0,0.0,0.0,0.0,0.0,0.0,0.0,0.0,0.0,0.0,1.0,85.2,78.30882352940881,1.0879999999879681,1.0,0.0,5.3423446330823054,1.0,0.0,0.0,-5.3423446330823054,228.9010075461456,1027.2781010637223,0.0,1.57492434745825,78.30882352940881,0.0,0.0,0.0,0.0,5.3423446330823054,85.2,1.57492434745825,0.0,0.0,0.0,0.0,0.0,0.0,85.2,78.30882352940881,0.0,0.0
121,0.1543,0.251,0.105,79.2564358901419,66.52477786895167,12.731658021190228,0.0006723982570954149,0.0,0.0,0.0,0.0,0.0,0.0,0.0,0.0,0.0,0.0,0.0,0.0,0.0,0.0,0.0,0.0,1.0,174.0,162.46498599439482,1.070999999987968,1.0,0.0,94.7435641098581,1.0,0.0,0.0,-94.74356410985808,323.6445716560037,1134.7533231947705,12.731658021190228,0.0,162.46498599439482,0.0,0.0,0.0,0.0,94.7435641098581,174.0,0.0,12.731658021190228,0.0,0.0,0.0,0.0,0.0,174.0,162.46498599439482,0.0,0.0
122,0.1543,0.251,0.105,88.85038433176571,102.2365303301181,-13.38614599835239,0.0006723982570954149,0.0,0.0,0.0,0.0,0.0,0.0,0.0,0.0,0.0,0.0,0.0,0.0,0.0,0.0,0.0,0.0,1.0,85.2,78.30882352940881,1.0879999999879681,1.0,0.0,0.0,0.0,3.650384331774008,1.0,3.6503843317657356,319.99418732423794,1117.7167928646525,0.0,13.38614599835239,78.30882352940881,0.0,0.0,0.0,0.0,0.0,88.85038433177401,13.38614599835239,0.0,0.0,0.0,0.0,0.0,0.0,85.2,78.30882352940881,0.0,3.650384331774008
123,0.1543,0.251,0.105,166.6246942237459,205.25278568015838,-38.62809145641248,0.0006723982570954149,0.0,0.0,0.0,0.0,0.0,0.0,0.0,0.0,0.0,0.0,0.0,0.0,0.0,0.0,0.0,0.0,1.0,103.93086165816953,96.060146016054,1.084414136832688,1.0,0.0,0.0,0.0,62.69383256557637,1.0,62.69383256557637,257.30035475866157,1016.3948688426636,0.0,38.62809145641248,96.060146016054,0.0,0.0,0.0,0.0,0.0,166.6246942237459,38.62809145641248,0.0,0.0,0.0,0.0,0.0,0.0,103.93086165816953,96.060146016054,0.0,62.69383256557637
124,0.1543,0.251,0.105,113.13717682218991,71.14972861558154,41.98744820660838,0.0006723982570954149,0.0,0.0,0.0,0.0,0.0,0.0,0.0,0.0,0.0,0.0,0.0,0.0,0.0,0.0,0.0,0.0,1.0,113.13717682218993,104.78501262244099,1.0826516665873236,1.0,0.0,0.0,1.0,0.0,0.0,0.0,257.30035475866157,1058.382317049272,41.98744820660838,0.0,104.78501262244099,0.0,0.0,0.0,0.0,0.0,113.13717682218991,0.0,41.98744820660838,0.0,0.0,0.0,0.0,0.0,113.13717682218993,104.78501262244099,0.0,0.0
125,0.1543,0.251,0.105,118.93952106823625,174.8440613125664,-55.90454024433015,0.0006723982570954149,0.0,0.0,0.0,0.0,0.0,0.0,0.0,0.0,0.0,0.0,0.0,0.0,0.0,0.0,0.0,0.0,1.0,118.93952106823625,110.28392056217129,1.0815408574411212,1.0,0.0,0.0,1.0,0.0,0.0,0.0,257.30035475866157,1002.4777768049418,0.0,55.90454024433015,110.28392056217129,0.0,0.0,0.0,0.0,0.0,118.93952106823625,55.90454024433015,0.0,0.0,0.0,0.0,0.0,0.0,118.93952106823625,110.28392056217129,0.0,0.0
126,0.1543,0.251,0.105,124.61483432740133,95.21445956957622,29.400374757825105,0.0006723982570954149,0.0,0.0,0.0,0.0,0.0,0.0,0.0,0.0,0.0,0.0,0.0,0.0,0.0,0.0,0.0,0.0,1.0,124.61483432740133,115.66244065989636,1.0804543672901548,1.0,0.0,0.0,1.0,0.0,0.0,0.0,257.30035475866157,1031.8781515627668,29.400374757825105,0.0,115.66244065989636,0.0,0.0,0.0,0.0,0.0,124.61483432740133,0.0,29.400374757825105,0.0,0.0,0.0,0.0,0.0,124.61483432740133,115.66244065989636,0.0,0.0
127,0.1543,0.251,0.105,125.94158140239796,65.09751376349053,60.84406763890743,0.0006723982570954149,0.0,0.0,0.0,0.0,0.0,0.0,0.0,0.0,0.0,0.0,0.0,0.0,0.0,0.0,0.0,0.0,1.0,125.94158140239796,116.91980487603782,1.0802003729176892,1.0,0.0,0.0,0.0,0.0,1.0,0.0,257.30035475866157,1092.7222192016743,60.84406763890743,0.0,116.91980487603782,0.0,0.0,0.0,0.0,0.0,125.94158140239796,0.0,60.84406763890743,0.0,0.0,0.0,0.0,0.0,125.94158140239796,116.91980487603782,0.0,0.0
128,0.1543,0.251,0.105,118.98819379708306,110.02300859269768,8.965185204385378,0.0006723982570954149,0.0,0.0,0.0,0.0,0.0,0.0,0.0,0.0,0.0,0.0,0.0,0.0,0.0,0.0,0.0,0.0,1.0,174.0,162.46498599439482,1.070999999987968,1.0,0.0,55.011806202916944,1.0,0.0,0.0,-55.011806202916944,312.3121609615785,1156.6992106089767,8.965185204385378,0.0,162.46498599439482,0.0,0.0,0.0,0.0,55.011806202916944,174.0,0.0,8.965185204385378,0.0,0.0,0.0,0.0,0.0,174.0,162.46498599439482,0.0,0.0
129,0.1543,0.251,0.105,113.10263714480364,58.97173938361799,54.13089776118565,0.0006723982570954149,0.0,0.0,0.0,0.0,0.0,0.0,0.0,0.0,0.0,0.0,0.0,0.0,0.0,0.0,0.0,0.0,1.0,85.2,78.30882352940881,1.0879999999879681,1.0,0.0,0.0,0.0,27.90263714481206,1.0,27.902637144803634,284.4095238167749,1182.9274712253587,54.13089776118565,0.0,78.30882352940881,0.0,0.0,0.0,0.0,0.0,113.10263714481206,0.0,54.13089776118565,0.0,0.0,0.0,0.0,0.0,85.2,78.30882352940881,0.0,27.90263714481206
130,0.1543,0.251,0.105,103.57439179810852,93.72499111480572,9.849400683302804,0.0006723982570954149,0.0,0.0,0.0,0.0,0.0,0.0,0.0,0.0,0.0,0.0,0.0,0.0,0.0,0.0,0.0,0.0,1.0,85.2,78.30882352940881,1.0879999999879681,1.0,0.0,0.0,0.0,18.37439179810852,1.0,18.374391798108547,266.03513201866633,1174.402480110553,9.849400683302804,0.0,78.30882352940881,0.0,0.0,0.0,0.0,0.0,103.57439179810852,0.0,9.849400683302804,0.0,0.0,0.0,0.0,0.0,85.2,78.30882352940881,0.0,18.37439179810852
131,0.1543,0.251,0.105,95.20170270191402,50.859106745076616,44.3425959568374,0.0006723982570954149,0.0,0.0,0.0,0.0,0.0,0.0,0.0,0.0,0.0,0.0,0.0,0.0,0.0,0.0,0.0,0.0,1.0,174.0,162.46498599439482,1.070999999987968,1.0,0.0,78.79829729808598,1.0,0.0,0.0,-78.79829729808597,344.8334293167523,1297.5433733654763,44.3425959568374,0.0,162.46498599439482,0.0,0.0,0.0,0.0,78.79829729808598,174.0,0.0,44.3425959568374,0.0,0.0,0.0,0.0,0.0,174.0,162.46498599439482,0.0,0.0
132,0.1543,0.251,0.105,89.23726652299644,54.02716034748218,35.210106175514255,0.0006723982570954149,0.0,0.0,0.0,0.0,0.0,0.0,0.0,0.0,0.0,0.0,0.0,0.0,0.0,0.0,0.0,0.0,1.0,174.0,162.46498599439482,1.070999999987968,1.0,0.0,84.76273347700356,1.0,0.0,0.0,-84.76273347700356,429.59616279375587,1417.5162130179942,35.210106175514255,0.0,162.46498599439482,0.0,0.0,0.0,0.0,84.76273347700356,174.0,0.0,35.210106175514255,0.0,0.0,0.0,0.0,0.0,174.0,162.46498599439482,0.0,0.0
133,0.1543,0.251,0.105,89.43899676515207,75.02184677728769,14.417149987864377,0.0006723982570954149,0.0,0.0,0.0,0.0,0.0,0.0,0.0,0.0,0.0,0.0,0.0,0.0,0.0,0.0,0.0,0.0,1.0,85.2,78.30882352940881,1.0879999999879681,1.0,0.0,0.0,0.0,4.238996765154697,1.0,4.238996765152068,425.3571660286038,1427.6943662407066,14.417149987864377,0.0,78.30882352940881,0.0,0.0,0.0,0.0,0.0,89.4389967651547,0.0,14.417149987864377,0.0,0.0,0.0,0.0,0.0,85.2,78.30882352940881,0.0,4.238996765154697
134,0.1543,0.251,0.105,96.07101462886725,61.84424185305396,34.22677277581329,0.0006723982570954149,0.0,0.0,0.0,0.0,0.0,0.0,0.0,0.0,0.0,0.0,0.0,0.0,0.0,0.0,0.0,0.0,1.0,85.2,78.30882352940881,1.0879999999879681,1.0,0.0,0.0,0.0,10.871014628867243,1.0,10.871014628867272,414.4861513997365,1451.0501243876527,34.22677277581329,0.0,78.30882352940881,0.0,0.0,0.0,0.0,0.0,96.07101462886725,0.0,34.22677277581329,0.0,0.0,0.0,0.0,0.0,85.2,78.30882352940881,0.0,10.871014628867243
135,0.1543,0.251,0.105,94.8265700947584,80.5913311121037,14.235238982654693,0.0006723982570954149,0.0,0.0,0.0,0.0,0.0,0.0,0.0,0.0,0.0,0.0,0.0,0.0,0.0,0.0,0.0,0.0,1.0,85.2,78.30882352940881,1.0879999999879681,1.0,0.0,0.0,0.0,9.626570094758392,1.0,9.626570094758392,404.8595813049781,1455.658793275549,14.235238982654693,0.0,78.30882352940881,0.0,0.0,0.0,0.0,0.0,94.8265700947584,0.0,14.235238982654693,0.0,0.0,0.0,0.0,0.0,85.2,78.30882352940881,0.0,9.626570094758392
136,0.1543,0.251,0.105,108.25363791246411,95.95006267421034,12.30357523825377,0.0006723982570954149,0.0,0.0,0.0,0.0,0.0,0.0,0.0,0.0,0.0,0.0,0.0,0.0,0.0,0.0,0.0,0.0,1.0,85.2,78.30882352940881,1.0879999999879681,1.0,0.0,0.0,0.0,23.05363791246411,1.0,23.053637912464126,381.805943392514,1444.9087306013387,12.30357523825377,0.0,78.30882352940881,0.0,0.0,0.0,0.0,0.0,108.25363791246411,0.0,12.30357523825377,0.0,0.0,0.0,0.0,0.0,85.2,78.30882352940881,0.0,23.05363791246411
137,0.1543,0.251,0.105,109.835249951598,102.56346993215129,7.271780019446709,0.0006723982570954149,0.0,0.0,0.0,0.0,0.0,0.0,0.0,0.0,0.0,0.0,0.0,0.0,0.0,0.0,0.0,0.0,1.0,109.835249951598,101.65576156197886,1.083283792226964,1.0,0.0,0.0,1.0,0.0,0.0,0.0,381.805943392514,1452.1805106207853,7.271780019446709,0.0,101.65576156197886,0.0,0.0,0.0,0.0,0.0,109.835249951598,0.0,7.271780019446709,0.0,0.0,0.0,0.0,0.0,109.835249951598,101.65576156197886,0.0,0.0
138,0.1543,0.251,0.105,113.1214575800624,136.60318822001253,-23.48173063995013,0.0006723982570954149,0.0,0.0,0.0,0.0,0.0,0.0,0.0,0.0,0.0,0.0,0.0,0.0,0.0,0.0,0.0,0.0,1.0,113.1214575800624,104.77011542543299,1.0826546759016948,1.0,0.0,0.0,1.0,0.0,0.0,0.0,381.805943392514,1428.698779980835,0.0,23.48173063995013,104.77011542543299,0.0,0.0,0.0,0.0,0.0,113.1214575800624,23.48173063995013,0.0,0.0,0.0,0.0,0.0,0.0,113.1214575800624,104.77011542543299,0.0,0.0
139,0.1543,0.251,0.105,102.26629527583285,81.86713330208153,20.39916197375132,0.0006723982570954149,0.0,0.0,0.0,0.0,0.0,0.0,0.0,0.0,0.0,0.0,0.0,0.0,0.0,0.0,0.0,0.0,1.0,85.2,78.30882352940881,1.0879999999879681,1.0,0.0,0.0,0.0,17.066295275832843,1.0,17.06629527583283,364.73964811668117,1432.0316466787535,20.39916197375132,0.0,78.30882352940881,0.0,0.0,0.0,0.0,0.0,102.26629527583285,0.0,20.39916197375132,0.0,0.0,0.0,0.0,0.0,85.2,78.30882352940881,0.0,17.066295275832843
140,0.1543,0.251,0.105,99.65212286286902,73.41781478518759,26.234308077681433,0.0006723982570954149,0.0,0.0,0.0,0.0,0.0,0.0,0.0,0.0,0.0,0.0,0.0,0.0,0.0,0.0,0.0,0.0,1.0,107.69639554766144,99.62875954951674,1.083693257597087,1.0,0.0,8.044272684792418,1.0,0.0,0.0,-8.044272684792418,372.7839208014736,1466.3102274412274,26.234308077681433,0.0,99.62875954951674,0.0,0.0,0.0,0.0,8.044272684792418,107.69639554766144,0.0,26.234308077681433,0.0,0.0,0.0,0.0,0.0,107.69639554766144,99.62875954951674,0.0,0.0
141,0.1543,0.251,0.105,74.50248364661357,54.32091626987172,20.181567376741853,0.0006723982570954149,0.0,0.0,0.0,0.0,0.0,0.0,0.0,0.0,0.0,0.0,0.0,0.0,0.0,0.0,0.0,0.0,1.0,85.2,78.30882352940881,1.0879999999879681,1.0,0.0,10.697516353386433,1.0,0.0,0.0,-10.697516353386433,383.48143715486003,1497.1893111713557,20.181567376741853,0.0,78.30882352940881,0.0,0.0,0.0,0.0,10.697516353386433,85.2,0.0,20.181567376741853,0.0,0.0,0.0,0.0,0.0,85.2,78.30882352940881,0.0,0.0
142,0.1543,0.251,0.105,71.97305714864397,52.65959843661919,19.313458712024783,0.0006723982570954149,0.0,0.0,0.0,0.0,0.0,0.0,0.0,0.0,0.0,0.0,0.0,0.0,0.0,0.0,0.0,0.0,1.0,85.2,78.30882352940881,1.0879999999879681,1.0,0.0,13.226942851356029,1.0,0.0,0.0,-13.226942851356,396.70838000621603,1529.7297127347365,19.313458712024783,0.0,78.30882352940881,0.0,0.0,0.0,0.0,13.226942851356029,85.2,0.0,19.313458712024783,0.0,0.0,0.0,0.0,0.0,85.2,78.30882352940881,0.0,0.0
143,0.1543,0.251,0.105,79.70439801354908,18.26250219769372,61.44189581585536,0.0006723982570954149,0.0,0.0,0.0,0.0,0.0,0.0,0.0,0.0,0.0,0.0,0.0,0.0,0.0,0.0,0.0,0.0,1.0,85.2,78.30882352940881,1.0879999999879681,1.0,0.0,5.495601986450922,1.0,0.0,0.0,-5.495601986450936,402.20398199266697,1596.6672105370428,61.44189581585536,0.0,78.30882352940881,0.0,0.0,0.0,0.0,5.495601986450922,85.2,0.0,61.44189581585536,0.0,0.0,0.0,0.0,0.0,85.2,78.30882352940881,0.0,0.0
144,0.1543,0.251,0.105,84.0630256634605,65.42417526203123,18.638850401429266,0.0006723982570954149,0.0,0.0,0.0,0.0,0.0,0.0,0.0,0.0,0.0,0.0,0.0,0.0,0.0,0.0,0.0,0.0,1.0,85.2,78.30882352940881,1.0879999999879681,1.0,0.0,1.1369743365395095,1.0,0.0,0.0,-1.136974336539538,403.3409563292065,1616.4430352750117,18.638850401429266,0.0,78.30882352940881,0.0,0.0,0.0,0.0,1.1369743365395095,85.2,0.0,18.638850401429266,0.0,0.0,0.0,0.0,0.0,85.2,78.30882352940881,0.0,0.0
145,0.1543,0.251,0.105,86.89020582132288,74.15854780013265,12.731658021190228,0.0006723982570954149,0.0,0.0,0.0,0.0,0.0,0.0,0.0,0.0,0.0,0.0,0.0,0.0,0.0,0.0,0.0,0.0,1.0,86.89020582132288,79.9106392467344,1.0876764245492014,1.0,0.0,0.0,1.0,0.0,0.0,0.0,403.3409563292065,1629.174693296202,12.731658021190228,0.0,79.9106392467344,0.0,0.0,0.0,0.0,0.0,86.89020582132288,0.0,12.731658021190228,0.0,0.0,0.0,0.0,0.0,86.89020582132288,79.9106392467344,0.0,0.0
146,0.1543,0.251,0.105,102.67012913651094,71.84857925841894,30.821549878092,0.0006723982570954149,0.0,0.0,0.0,0.0,0.0,0.0,0.0,0.0,0.0,0.0,0.0,0.0,0.0,0.0,0.0,0.0,1.0,102.67012913651094,94.86534409130634,1.0846554932839063,1.0,0.0,0.0,1.0,0.0,0.0,0.0,403.3409563292065,1659.9962431742938,30.821549878092,0.0,94.86534409130634,0.0,0.0,0.0,0.0,0.0,102.67012913651094,0.0,30.821549878092,0.0,0.0,0.0,0.0,0.0,102.67012913651094,94.86534409130634,0.0,0.0
147,0.1543,0.251,0.105,197.10818009752964,235.73627155394212,-38.62809145641248,0.0006723982570954149,0.0,0.0,0.0,0.0,0.0,0.0,0.0,0.0,0.0,0.0,0.0,0.0,0.0,0.0,0.0,0.0,1.0,134.4143475319533,124.94948373782486,1.078578334356851,1.0,0.0,0.0,0.0,62.69383256557634,1.0,62.69383256557634,340.6471237636302,1558.674319152305,0.0,38.62809145641248,124.94948373782486,0.0,0.0,0.0,0.0,0.0,197.10818009752964,38.62809145641248,0.0,0.0,0.0,0.0,0.0,0.0,134.4143475319533,124.94948373782486,0.0,62.69383256557634
148,0.1543,0.251,0.105,131.41110425250923,120.19174872373398,11.219355528775253,0.0006723982570954149,0.0,0.0,0.0,0.0,0.0,0.0,0.0,0.0,0.0,0.0,0.0,0.0,0.0,0.0,0.0,0.0,1.0,85.2,78.30882352940881,1.0879999999879681,1.0,0.0,0.0,0.0,46.21110425250923,1.0,46.211104252509244,294.43601951112095,1523.6825704285711,11.219355528775253,0.0,78.30882352940881,0.0,0.0,0.0,0.0,0.0,131.41110425250923,0.0,11.219355528775253,0.0,0.0,0.0,0.0,0.0,85.2,78.30882352940881,0.0,46.21110425250923
149,0.1543,0.251,0.105,134.36278677058627,113.40346188955107,20.9593248810352,0.0006723982570954149,0.0,0.0,0.0,0.0,0.0,0.0,0.0,0.0,0.0,0.0,0.0,0.0,0.0,0.0,0.0,0.0,1.0,134.36278677058627,124.90061937059039,1.0785882052233289,1.0,0.0,0.0,0.0,0.0,1.0,0.0,294.43601951112095,1544.6418953096063,20.9593248810352,0.0,124.90061937059039,0.0,0.0,0.0,0.0,0.0,134.36278677058627,0.0,20.9593248810352,0.0,0.0,0.0,0.0,0.0,134.36278677058627,124.90061937059039,0.0,0.0
150,0.1543,0.251,0.105,133.35488413447985,156.4545691895976,-23.09968505511776,0.0006723982570954149,0.0,0.0,0.0,0.0,0.0,0.0,0.0,0.0,0.0,0.0,0.0,0.0,0.0,0.0,0.0,0.0,1.0,133.35488413447985,123.94542547427214,1.0787811595568177,1.0,0.0,0.0,0.0,0.0,1.0,0.0,294.43601951112095,1521.5422102544885,0.0,23.09968505511776,123.94542547427214,0.0,0.0,0.0,0.0,0.0,133.35488413447985,23.09968505511776,0.0,0.0,0.0,0.0,0.0,0.0,133.35488413447985,123.94542547427214,0.0,0.0
151,0.1543,0.251,0.105,148.67082790766605,161.5945748022133,-12.923746894547236,0.0006723982570954149,0.0,0.0,0.0,0.0,0.0,0.0,0.0,0.0,0.0,0.0,0.0,0.0,0.0,0.0,0.0,0.0,1.0,148.67082790766605,138.46041480401144,1.075849053203843,1.0,0.0,0.0,0.0,0.0,1.0,0.0,294.43601951112095,1508.6184633599412,0.0,12.923746894547236,138.46041480401144,0.0,0.0,0.0,0.0,0.0,148.67082790766605,12.923746894547236,0.0,0.0,0.0,0.0,0.0,0.0,148.67082790766605,138.46041480401144,0.0,0.0
152,0.1543,0.251,0.105,155.76612945938308,199.758027971081,-43.99189851169791,0.0006723982570954149,0.0,0.0,0.0,0.0,0.0,0.0,0.0,0.0,0.0,0.0,0.0,0.0,0.0,0.0,0.0,0.0,1.0,85.2,78.30882352940881,1.0879999999879681,1.0,0.0,0.0,0.0,70.56612945938308,1.0,70.56612945938308,223.86989005173788,1394.0604353888602,0.0,43.99189851169791,78.30882352940881,0.0,0.0,0.0,0.0,0.0,155.76612945938308,43.99189851169791,0.0,0.0,0.0,0.0,0.0,0.0,85.2,78.30882352940881,0.0,70.56612945938308
153,0.1543,0.251,0.105,149.41335246313022,120.22053851681103,29.19281394631919,0.0006723982570954149,0.0,0.0,0.0,0.0,0.0,0.0,0.0,0.0,0.0,0.0,0.0,0.0,0.0,0.0,0.0,0.0,1.0,149.41335246313022,139.16410869054167,1.0757069032326392,1.0,0.0,0.0,0.0,0.0,1.0,0.0,223.86989005173788,1423.2532493351794,29.19281394631919,0.0,139.16410869054167,0.0,0.0,0.0,0.0,0.0,149.41335246313022,0.0,29.19281394631919,0.0,0.0,0.0,0.0,0.0,149.41335246313022,139.16410869054167,0.0,0.0
154,0.1543,0.251,0.105,132.52799498318225,122.67859429987945,9.849400683302804,0.0006723982570954149,0.0,0.0,0.0,0.0,0.0,0.0,0.0,0.0,0.0,0.0,0.0,0.0,0.0,0.0,0.0,0.0,1.0,132.52799498318225,123.16177887790802,1.0789394604078544,1.0,0.0,0.0,1.0,0.0,0.0,0.0,223.86989005173788,1433.102650018482,9.849400683302804,0.0,123.16177887790802,0.0,0.0,0.0,0.0,0.0,132.52799498318225,0.0,9.849400683302804,0.0,0.0,0.0,0.0,0.0,132.52799498318225,123.16177887790802,0.0,0.0
155,0.1543,0.251,0.105,128.1881334012233,111.25096374568923,16.937169655534063,0.0006723982570954149,0.0,0.0,0.0,0.0,0.0,0.0,0.0,0.0,0.0,0.0,0.0,0.0,0.0,0.0,0.0,0.0,1.0,128.1881334012233,119.0488723872899,1.079770289764761,1.0,0.0,0.0,0.0,0.0,1.0,0.0,223.86989005173788,1450.0398196740161,16.937169655534063,0.0,119.0488723872899,0.0,0.0,0.0,0.0,0.0,128.1881334012233,0.0,16.937169655534063,0.0,0.0,0.0,0.0,0.0,128.1881334012233,119.0488723872899,0.0,0.0
156,0.1543,0.251,0.105,123.8851574175104,112.07647776081856,11.808679656691837,0.0006723982570954149,0.0,0.0,0.0,0.0,0.0,0.0,0.0,0.0,0.0,0.0,0.0,0.0,0.0,0.0,0.0,0.0,1.0,85.2,78.30882352940881,1.0879999999879681,1.0,0.0,0.0,0.0,38.685157417510396,1.0,38.685157417510396,185.1847326342275,1423.1633419131977,11.808679656691837,0.0,78.30882352940881,0.0,0.0,0.0,0.0,0.0,123.8851574175104,0.0,11.808679656691837,0.0,0.0,0.0,0.0,0.0,85.2,78.30882352940881,0.0,38.685157417510396
157,0.1543,0.251,0.105,120.24610785605115,155.7698047322217,-35.52369687617055,0.0006723982570954149,0.0,0.0,0.0,0.0,0.0,0.0,0.0,0.0,0.0,0.0,0.0,0.0,0.0,0.0,0.0,0.0,1.0,120.24610785605115,111.52217878277891,1.0812907225830934,1.0,0.0,0.0,1.0,0.0,0.0,0.0,185.1847326342275,1387.639645037027,0.0,35.52369687617055,111.52217878277891,0.0,0.0,0.0,0.0,0.0,120.24610785605115,35.52369687617055,0.0,0.0,0.0,0.0,0.0,0.0,120.24610785605115,111.52217878277891,0.0,0.0
158,0.1543,0.251,0.105,129.2256067900492,71.80880104136041,57.41680574868879,0.0006723982570954149,0.0,0.0,0.0,0.0,0.0,0.0,0.0,0.0,0.0,0.0,0.0,0.0,0.0,0.0,0.0,0.0,1.0,85.2,78.30882352940881,1.0879999999879681,1.0,0.0,0.0,0.0,44.025606790049196,1.0,44.025606790049196,141.15912584417828,1401.0308439956666,57.41680574868879,0.0,78.30882352940881,0.0,0.0,0.0,0.0,0.0,129.2256067900492,0.0,57.41680574868879,0.0,0.0,0.0,0.0,0.0,85.2,78.30882352940881,0.0,44.025606790049196
159,0.1543,0.251,0.105,144.84779804164918,130.6125590589945,14.235238982654693,0.0006723982570954149,0.0,0.0,0.0,0.0,0.0,0.0,0.0,0.0,0.0,0.0,0.0,0.0,0.0,0.0,0.0,0.0,1.0,85.2,78.30882352940881,1.0879999999879681,1.0,0.0,0.0,0.0,59.64779804164918,1.0,59.64779804164918,81.5113278025291,1355.6182849366721,14.235238982654693,0.0,78.30882352940881,0.0,0.0,0.0,0.0,0.0,144.84779804164918,0.0,14.235238982654693,0.0,0.0,0.0,0.0,0.0,85.2,78.30882352940881,0.0,59.64779804164918
160,0.1543,0.251,0.105,166.56653578784764,182.7060801845854,-16.13954439673776,0.0006723982570954149,0.0,0.0,0.0,0.0,0.0,0.0,0.0,0.0,0.0,0.0,0.0,0.0,0.0,0.0,0.0,0.0,1.0,166.56653578784764,155.4202582701206,1.072423073091646,1.0,0.0,0.0,0.0,0.0,1.0,0.0,81.5113278025291,1339.4787405399343,0.0,16.13954439673776,155.4202582701206,0.0,0.0,0.0,0.0,0.0,166.56653578784764,16.13954439673776,0.0,0.0,0.0,0.0,0.0,0.0,166.56653578784764,155.4202582701206,0.0,0.0
161,0.1543,0.251,0.105,169.65940464198837,134.30020980846825,35.35919483352012,0.0006723982570954149,0.0,0.0,0.0,0.0,0.0,0.0,0.0,0.0,0.0,0.0,0.0,0.0,0.0,0.0,0.0,0.0,1.0,169.65940464198837,158.35138410088592,1.07183096982002,1.0,0.0,0.0,0.0,0.0,1.0,0.0,81.5113278025291,1374.8379353734545,35.35919483352012,0.0,158.35138410088592,0.0,0.0,0.0,0.0,0.0,169.65940464198837,0.0,35.35919483352012,0.0,0.0,0.0,0.0,0.0,169.65940464198837,158.35138410088592,0.0,0.0
162,0.1543,0.251,0.105,180.98217387350823,204.46390451345837,-23.481730639950143,0.0006723982570954149,0.0,0.0,0.0,0.0,0.0,0.0,0.0,0.0,0.0,0.0,0.0,0.0,0.0,0.0,0.0,0.0,1.0,174.0,162.46498599439482,1.070999999987968,1.0,0.0,0.0,0.0,6.982173873508231,1.0,6.982173873508231,74.52915392902086,1344.374030859996,0.0,23.481730639950143,162.46498599439482,0.0,0.0,0.0,0.0,0.0,180.98217387350823,23.481730639950143,0.0,0.0,0.0,0.0,0.0,0.0,174.0,162.46498599439482,0.0,6.982173873508231
163,0.1543,0.251,0.105,159.72915392902087,186.37524739055388,-26.646093461533013,0.0006723982570954149,0.0,0.0,0.0,0.0,0.0,0.0,0.0,0.0,0.0,0.0,0.0,0.0,0.0,0.0,0.0,0.0,1.0,85.2,78.30882352940881,1.0879999999879681,1.0,0.0,0.0,0.0,74.52915392902358,1.0,74.52915392902086,0.0,1243.198783469442,0.0,26.646093461533013,78.30882352940881,0.0,0.0,0.0,0.0,0.0,159.7291539290236,26.646093461533013,0.0,0.0,0.0,0.0,0.0,0.0,85.2,78.30882352940881,0.0,74.52915392902358
164,0.1543,0.251,0.105,141.17185343819725,176.3728628068735,-35.20100936867627,0.0006723982570954149,0.0,0.0,0.0,0.0,0.0,0.0,0.0,0.0,0.0,0.0,0.0,0.0,0.0,0.0,0.0,0.0,1.0,141.17185343819725,131.35360271196865,1.0772846676856105,1.0,0.0,0.0,1.0,0.0,0.0,0.0,0.0,1207.9977741007658,0.0,35.20100936867627,131.35360271196865,0.0,0.0,0.0,0.0,0.0,141.17185343819725,35.20100936867627,0.0,0.0,0.0,0.0,0.0,0.0,141.17185343819725,131.35360271196865,0.0,0.0
165,0.1543,0.251,0.105,103.37569949235706,64.89301075562557,38.48268873673149,0.0006723982570954149,0.0,0.0,0.0,0.0,0.0,0.0,0.0,0.0,0.0,0.0,0.0,0.0,0.0,0.0,0.0,0.0,1.0,103.37569949235706,95.53401631537238,1.0845204178779448,1.0,0.0,0.0,1.0,0.0,0.0,0.0,0.0,1246.4804628374973,38.48268873673149,0.0,95.53401631537238,0.0,0.0,0.0,0.0,0.0,103.37569949235706,0.0,38.48268873673149,0.0,0.0,0.0,0.0,0.0,103.37569949235706,95.53401631537238,0.0,0.0
166,0.1543,0.251,0.105,108.05637359730451,71.69331323069403,36.36306036661048,0.0006723982570954149,0.0,0.0,0.0,0.0,0.0,0.0,0.0,0.0,0.0,0.0,0.0,0.0,0.0,0.0,0.0,0.0,1.0,108.05637359730451,99.96991237867881,1.083624342880376,1.0,0.0,0.0,0.0,0.0,1.0,0.0,0.0,1282.8435232041077,36.36306036661048,0.0,99.96991237867881,0.0,0.0,0.0,0.0,0.0,108.05637359730451,0.0,36.36306036661048,0.0,0.0,0.0,0.0,0.0,108.05637359730451,99.96991237867881,0.0,0.0
167,0.1543,0.251,0.105,106.48752403357732,105.55681914459154,0.9307048889857725,0.0006723982570954149,0.0,0.0,0.0,0.0,0.0,0.0,0.0,0.0,0.0,0.0,0.0,0.0,0.0,0.0,0.0,0.0,1.0,106.48752403357732,98.48310653669516,1.0839246857022609,1.0,0.0,0.0,0.0,0.0,1.0,0.0,0.0,1283.7742280930934,0.9307048889857725,0.0,98.48310653669516,0.0,0.0,0.0,0.0,0.0,106.48752403357732,0.0,0.9307048889857725,0.0,0.0,0.0,0.0,0.0,106.48752403357732,98.48310653669516,0.0,0.0
168,0.1543,0.251,0.105,111.895874623898,93.25702422246873,18.638850401429266,0.0006723982570954149,0.0,0.0,0.0,0.0,0.0,0.0,0.0,0.0,0.0,0.0,0.0,0.0,0.0,0.0,0.0,0.0,1.0,111.895874623898,103.60862490321125,1.0828893032694291,1.0,0.0,0.0,0.0,0.0,1.0,0.0,0.0,1302.4130784945226,18.638850401429266,0.0,103.60862490321125,0.0,0.0,0.0,0.0,0.0,111.895874623898,0.0,18.638850401429266,0.0,0.0,0.0,0.0,0.0,111.895874623898,103.60862490321125,0.0,0.0
