t,GAS_PRICE,POWER_PRICE,HEAT_PRICE,heat_demand,chp1.bin,chp1.power,chp1.gas,chp1.heat,chp1.eta_th,chp1.eta_el,chp1.y1,chp1.y2,chp2.bin,chp2.power,chp2.gas,chp2.heat,chp2.eta_th,chp2.eta_el,chp2.y1,chp2.y2,boiler1.bin,boiler1.heat,boiler1.gas,boiler1.eta_th,boiler1.y1,boiler1.y2,heat_storage1.heat_charge,heat_storage1.bin_charge,heat_storage1.heat_discharge,heat_storage1.bin_discharge,heat_storage1.heat_balance,heat_storage1.heat_capacity,ngas_grid.gas_balance,power_grid.power_balance,power_grid.power_supply,power_grid.power_feedin,heat_grid.heat_balance,heat_grid.heat_supply,heat_grid.heat_feedin,arc01_expanded.power,arc02_expanded.power,arc03_expanded.heat,arc04_expanded.heat,arc05_expanded.heat,arc06_expanded.gas,arc07_expanded.gas,arc08_expanded.heat
1,0.1543,0.251,0.105,88.13061207321796,0.0,0.0,0.0,0.0,0.0,0.0,0.0,0.0,0.0,0.0,0.0,0.0,0.0,0.0,0.0,0.0,1.0,174.0,162.46498599439482,1.070999999987968,1.0,0.0,85.86938792678204,1.0,0.0,0.0,-85.86938792678204,85.86938792678204,162.46498599439482,0.0,0.0,0.0,0.0,85.86938792678204,174.0,0.0,0.0,0.0,0.0,174.0,162.46498599439482,0.0,0.0
2,0.1543,0.251,0.105,106.3100249930061,0.0,0.0,0.0,0.0,0.0,0.0,0.0,0.0,0.0,0.0,0.0,0.0,0.0,0.0,0.0,0.0,1.0,174.0,162.46498599439482,1.070999999987968,1.0,0.0,67.6899750069939,1.0,0.0,0.0,-67.6899750069939,153.55936293377596,162.46498599439482,0.0,0.0,0.0,0.0,67.6899750069939,174.0,0.0,0.0,0.0,0.0,174.0,162.46498599439482,0.0,0.0
3,0.1543,0.251,0.105,210.6748063564434,0.0,0.0,0.0,0.0,0.0,0.0,0.0,0.0,0.0,0.0,0.0,0.0,0.0,0.0,0.0,0.0,1.0,174.0,162.46498599439482,1.070999999987968,1.0,0.0,0.0,0.0,36.67480635644341,1.0,36.67480635644341,116.88455657733255,162.46498599439482,0.0,0.0,0.0,0.0,0.0,210.6748063564434,0.0,0.0,0.0,0.0,174.0,162.46498599439482,0.0,36.67480635644341
4,0.1543,0.251,0.105,146.48074158117606,0.0,0.0,0.0,0.0,0.0,0.0,0.0,0.0,0.0,0.0,0.0,0.0,0.0,0.0,0.0,0.0,1.0,146.48074158117606,136.38486006634886,1.0762683264870674,1.0,0.0,0.0,1.0,0.0,0.0,0.0,116.88455657733255,136.38486006634886,0.0,0.0,0.0,0.0,0.0,146.48074158117606,0.0,0.0,0.0,0.0,146.48074158117606,136.38486006634886,0.0,0.0
5,0.1543,0.251,0.105,158.7089092436237,0.0,0.0,0.0,0.0,0.0,0.0,0.0,0.0,0.0,0.0,0.0,0.0,0.0,0.0,0.0,0.0,1.0,158.7089092436237,147.9735499813267,1.0739273484435807,1.0,0.0,0.0,1.0,0.0,0.0,0.0,116.88455657733255,147.9735499813267,0.0,0.0,0.0,0.0,0.0,158.7089092436237,0.0,0.0,0.0,0.0,158.7089092436237,147.9735499813267,0.0,0.0
6,0.1543,0.251,0.105,156.81798849107926,0.0,0.0,0.0,0.0,0.0,0.0,0.0,0.0,0.0,0.0,0.0,0.0,0.0,0.0,0.0,0.0,1.0,174.0,162.46498599439482,1.070999999987968,1.0,0.0,17.182011508920738,1.0,0.0,0.0,-17.182011508920738,134.06656808625328,162.46498599439482,0.0,0.0,0.0,0.0,17.182011508920738,174.0,0.0,0.0,0.0,0.0,174.0,162.46498599439482,0.0,0.0
7,0.1543,0.251,0.105,155.5721773995898,0.0,0.0,0.0,0.0,0.0,0.0,0.0,0.0,0.0,0.0,0.0,0.0,0.0,0.0,0.0,0.0,1.0,155.5721773995898,145.00085499624097,1.0745278489092178,1.0,0.0,0.0,1.0,0.0,0.0,0.0,134.06656808625328,145.00085499624097,0.0,0.0,0.0,0.0,0.0,155.5721773995898,0.0,0.0,0.0,0.0,155.5721773995898,145.00085499624097,0.0,0.0
8,0.1543,0.251,0.105,147.4562304387438,0.0,0.0,0.0,0.0,0.0,0.0,0.0,0.0,0.0,0.0,0.0,0.0,0.0,0.0,0.0,0.0,1.0,147.4562304387438,137.30933527783822,1.0760815774940644,1.0,0.0,0.0,1.0,0.0,0.0,0.0,134.06656808625328,137.30933527783822,0.0,0.0,0.0,0.0,0.0,147.4562304387438,0.0,0.0,0.0,0.0,147.4562304387438,137.30933527783822,0.0,0.0
9,0.1543,0.251,0.105,145.68736008059668,0.0,0.0,0.0,0.0,0.0,0.0,0.0,0.0,0.0,0.0,0.0,0.0,0.0,0.0,0.0,0.0,1.0,145.68736008059668,135.63296882243588,1.0764202125851512,1.0,0.0,0.0,1.0,0.0,0.0,0.0,134.06656808625328,135.63296882243588,0.0,0.0,0.0,0.0,0.0,145.68736008059668,0.0,0.0,0.0,0.0,145.68736008059668,135.63296882243588,0.0,0.0
10,0.1543,0.251,0.105,133.10499153939045,0.0,0.0,0.0,0.0,0.0,0.0,0.0,0.0,0.0,0.0,0.0,0.0,0.0,0.0,0.0,0.0,1.0,133.10499153939045,123.70860112932688,1.0788289993554272,1.0,0.0,0.0,1.0,0.0,0.0,0.0,134.06656808625328,123.70860112932688,0.0,0.0,0.0,0.0,0.0,133.10499153939045,0.0,0.0,0.0,0.0,133.10499153939045,123.70860112932688,0.0,0.0
11,0.1543,0.251,0.105,126.99603698103137,0.0,0.0,0.0,0.0,0.0,0.0,0.0,0.0,0.0,0.0,0.0,0.0,0.0,0.0,0.0,0.0,1.0,126.99603698103137,117.91911720697908,1.0799985064217796,1.0,0.0,0.0,1.0,0.0,0.0,0.0,134.06656808625328,117.91911720697908,0.0,0.0,0.0,0.0,0.0,126.99603698103137,0.0,0.0,0.0,0.0,126.99603698103137,117.91911720697908,0.0,0.0
12,0.1543,0.251,0.105,118.12931021970827,0.0,0.0,0.0,0.0,0.0,0.0,0.0,0.0,0.0,0.0,0.0,0.0,0.0,0.0,0.0,0.0,1.0,118.12931021970827,109.5160800689324,1.0816959653738347,1.0,0.0,0.0,1.0,0.0,0.0,0.0,134.06656808625328,109.5160800689324,0.0,0.0,0.0,0.0,0.0,118.12931021970827,0.0,0.0,0.0,0.0,118.12931021970827,109.5160800689324,0.0,0.0
13,0.1543,0.251,0.105,127.11248915420391,0.0,0.0,0.0,0.0,0.0,0.0,0.0,0.0,0.0,0.0,0.0,0.0,0.0,0.0,0.0,0.0,1.0,127.11248915420391,118.02947945928662,1.0799762126498886,1.0,0.0,0.0,1.0,0.0,0.0,0.0,134.06656808625328,118.02947945928662,0.0,0.0,0.0,0.0,0.0,127.11248915420391,0.0,0.0,0.0,0.0,127.11248915420391,118.02947945928662,0.0,0.0
14,0.1543,0.251,0.105,143.92225309423955,0.0,0.0,0.0,0.0,0.0,0.0,0.0,0.0,0.0,0.0,0.0,0.0,0.0,0.0,0.0,0.0,1.0,174.0,162.46498599439482,1.070999999987968,1.0,0.0,30.07774690576045,1.0,0.0,0.0,-30.07774690576045,164.14431499201373,162.46498599439482,0.0,0.0,0.0,0.0,30.07774690576045,174.0,0.0,0.0,0.0,0.0,174.0,162.46498599439482,0.0,0.0
15,0.1543,0.251,0.105,153.96949988320094,0.0,0.0,0.0,0.0,0.0,0.0,0.0,0.0,0.0,0.0,0.0,0.0,0.0,0.0,0.0,0.0,1.0,174.0,162.46498599439482,1.070999999987968,1.0,0.0,20.03050011679906,1.0,0.0,0.0,-20.03050011679906,184.1748151088128,162.46498599439482,0.0,0.0,0.0,0.0,20.03050011679906,174.0,0.0,0.0,0.0,0.0,174.0,162.46498599439482,0.0,0.0
16,0.1543,0.251,0.105,163.93908361154536,0.0,0.0,0.0,0.0,0.0,0.0,0.0,0.0,0.0,0.0,0.0,0.0,0.0,0.0,0.0,0.0,1.0,151.45672687186953,141.10062387881487,1.0753157166904255,1.0,0.0,0.0,0.0,12.482356739675822,1.0,12.482356739675822,171.69245836913697,141.10062387881487,0.0,0.0,0.0,0.0,0.0,163.93908361154536,0.0,0.0,0.0,0.0,151.45672687186953,141.10062387881487,0.0,12.482356739675822
17,0.1543,0.251,0.105,172.6373879152593,0.0,0.0,0.0,0.0,0.0,0.0,0.0,0.0,0.0,0.0,0.0,0.0,0.0,0.0,0.0,0.0,1.0,172.6373879152593,161.17363234596925,1.0712608604095963,1.0,0.0,0.0,1.0,0.0,0.0,0.0,171.69245836913697,161.17363234596925,0.0,0.0,0.0,0.0,0.0,172.6373879152593,0.0,0.0,0.0,0.0,172.6373879152593,161.17363234596925,0.0,0.0
18,0.1543,0.251,0.105,189.7709359695811,0.0,0.0,0.0,0.0,0.0,0.0,0.0,0.0,0.0,0.0,0.0,0.0,0.0,0.0,0.0,0.0,1.0,174.0,162.46498599439482,1.070999999987968,1.0,0.0,0.0,0.0,15.770935969581103,1.0,15.770935969581103,155.92152239955587,162.46498599439482,0.0,0.0,0.0,0.0,0.0,189.7709359695811,0.0,0.0,0.0,0.0,174.0,162.46498599439482,0.0,15.770935969581103
19,0.1543,0.251,0.105,178.15899549410722,0.0,0.0,0.0,0.0,0.0,0.0,0.0,0.0,0.0,0.0,0.0,0.0,0.0,0.0,0.0,0.0,1.0,174.0,162.46498599439482,1.070999999987968,1.0,0.0,0.0,0.0,4.1589954941072165,1.0,4.1589954941072165,151.76252690544865,162.46498599439482,0.0,0.0,0.0,0.0,0.0,178.15899549410722,0.0,0.0,0.0,0.0,174.0,162.46498599439482,0.0,4.1589954941072165
20,0.1543,0.251,0.105,159.28416533270453,0.0,0.0,0.0,0.0,0.0,0.0,0.0,0.0,0.0,0.0,0.0,0.0,0.0,0.0,0.0,0.0,1.0,174.0,162.46498599439482,1.070999999987968,1.0,0.0,14.715834667295468,1.0,0.0,0.0,-14.715834667295468,166.47836157274412,162.46498599439482,0.0,0.0,0.0,0.0,14.715834667295468,174.0,0.0,0.0,0.0,0.0,174.0,162.46498599439482,0.0,0.0
21,0.1543,0.251,0.105,111.5328007805781,0.0,0.0,0.0,0.0,0.0,0.0,0.0,0.0,0.0,0.0,0.0,0.0,0.0,0.0,0.0,0.0,1.0,111.5328007805781,103.26453817635073,1.082958810649344,1.0,0.0,0.0,1.0,0.0,0.0,0.0,166.47836157274412,103.26453817635073,0.0,0.0,0.0,0.0,0.0,111.5328007805781,0.0,0.0,0.0,0.0,111.5328007805781,103.26453817635073,0.0,0.0
22,0.1543,0.251,0.105,122.3487884171389,0.0,0.0,0.0,0.0,0.0,0.0,0.0,0.0,0.0,0.0,0.0,0.0,0.0,0.0,0.0,0.0,1.0,174.0,162.46498599439482,1.070999999987968,1.0,0.0,51.651211582861094,1.0,0.0,0.0,-51.651211582861094,218.12957315560521,162.46498599439482,0.0,0.0,0.0,0.0,51.651211582861094,174.0,0.0,0.0,0.0,0.0,174.0,162.46498599439482,0.0,0.0
23,0.1543,0.251,0.105,121.44172552592136,0.0,0.0,0.0,0.0,0.0,0.0,0.0,0.0,0.0,0.0,0.0,0.0,0.0,0.0,0.0,0.0,1.0,121.44172552592136,112.65527106736904,1.0810618318129608,1.0,0.0,0.0,1.0,0.0,0.0,0.0,218.12957315560521,112.65527106736904,0.0,0.0,0.0,0.0,0.0,121.44172552592136,0.0,0.0,0.0,0.0,121.44172552592136,112.65527106736904,0.0,0.0
24,0.1543,0.251,0.105,125.78405753160912,0.0,0.0,0.0,0.0,0.0,0.0,0.0,0.0,0.0,0.0,0.0,0.0,0.0,0.0,0.0,0.0,1.0,174.0,162.46498599439482,1.070999999987968,1.0,0.0,48.21594246839088,1.0,0.0,0.0,-48.21594246839088,266.3455156239961,162.46498599439482,0.0,0.0,0.0,0.0,48.21594246839088,174.0,0.0,0.0,0.0,0.0,174.0,162.46498599439482,0.0,0.0
25,0.1543,0.251,0.105,136.30073130880112,0.0,0.0,0.0,0.0,0.0,0.0,0.0,0.0,0.0,0.0,0.0,0.0,0.0,0.0,0.0,0.0,1.0,136.30073130880112,126.7372181927316,1.0782172023274994,1.0,0.0,0.0,1.0,0.0,0.0,0.0,266.3455156239961,126.7372181927316,0.0,0.0,0.0,0.0,0.0,136.30073130880112,0.0,0.0,0.0,0.0,136.30073130880112,126.7372181927316,0.0,0.0
26,0.1543,0.251,0.105,161.79318458245825,0.0,0.0,0.0,0.0,0.0,0.0,0.0,0.0,0.0,0.0,0.0,0.0,0.0,0.0,0.0,0.0,1.0,174.0,162.46498599439482,1.070999999987968,1.0,0.0,12.206815417541748,1.0,0.0,0.0,-12.206815417541748,278.55233104153785,162.46498599439482,0.0,0.0,0.0,0.0,12.206815417541748,174.0,0.0,0.0,0.0,0.0,174.0,162.46498599439482,0.0,0.0
27,0.1543,0.251,0.105,307.945532128739,0.0,0.0,0.0,0.0,0.0,0.0,0.0,0.0,0.0,0.0,0.0,0.0,0.0,0.0,0.0,0.0,1.0,174.0,162.46498599439482,1.070999999987968,1.0,0.0,0.0,0.0,133.945532128739,1.0,133.945532128739,144.60679891279887,162.46498599439482,0.0,0.0,0.0,0.0,0.0,307.945532128739,0.0,0.0,0.0,0.0,174.0,162.46498599439482,0.0,133.945532128739
28,0.1543,0.251,0.105,224.33809213545905,0.0,0.0,0.0,0.0,0.0,0.0,0.0,0.0,0.0,0.0,0.0,0.0,0.0,0.0,0.0,0.0,1.0,174.0,162.46498599439482,1.070999999987968,1.0,0.0,0.0,0.0,50.33809213545905,1.0,50.33809213545905,94.26870677733982,162.46498599439482,0.0,0.0,0.0,0.0,0.0,224.33809213545905,0.0,0.0,0.0,0.0,174.0,162.46498599439482,0.0,50.33809213545905
29,0.1543,0.251,0.105,244.92845964051588,0.0,0.0,0.0,0.0,0.0,0.0,0.0,0.0,1.0,37.21858864032005,117.03958691910668,68.0,0.5810000000228399,0.3179999999876268,0.0,1.0,1.0,174.0,162.46498599439482,1.070999999987968,1.0,0.0,0.0,0.0,2.9284596405158823,1.0,2.9284596405158823,91.34024713682393,162.46498599439482,-37.21858864032005,0.0,37.21858864032005,0.0,0.0,244.92845964051588,0.0,37.21858864032005,0.0,68.0,174.0,162.46498599439482,0.0,2.9284596405158823
30,0.1543,0.251,0.105,227.51863997635897,0.0,0.0,0.0,0.0,0.0,0.0,0.0,0.0,0.0,0.0,0.0,0.0,0.0,0.0,0.0,0.0,1.0,174.0,162.46498599439482,1.070999999987968,1.0,0.0,0.0,0.0,53.51863997635897,1.0,53.51863997635897,37.821607160464964,162.46498599439482,0.0,0.0,0.0,0.0,0.0,227.51863997635897,0.0,0.0,0.0,0.0,174.0,162.46498599439482,0.0,53.51863997635897
31,0.1543,0.251,0.105,211.82160716046496,0.0,0.0,0.0,0.0,0.0,0.0,0.0,0.0,0.0,0.0,0.0,0.0,0.0,0.0,0.0,0.0,1.0,174.0,162.46498599439482,1.070999999987968,1.0,0.0,0.0,0.0,37.821607160464964,1.0,37.821607160464964,0.0,162.46498599439482,0.0,0.0,0.0,0.0,0.0,211.82160716046496,0.0,0.0,0.0,0.0,174.0,162.46498599439482,0.0,37.821607160464964
32,0.1543,0.251,0.105,195.49702180559063,0.0,0.0,0.0,0.0,0.0,0.0,0.0,0.0,1.0,37.21858864032005,117.03958691910668,68.0,0.5810000000228399,0.3179999999876268,0.0,1.0,1.0,174.0,162.46498599439482,1.070999999987968,1.0,0.0,46.502978194409366,1.0,0.0,0.0,-46.502978194409366,46.502978194409366,162.46498599439482,-37.21858864032005,0.0,37.21858864032005,0.0,46.502978194409366,242.0,0.0,37.21858864032005,0.0,68.0,174.0,162.46498599439482,0.0,0.0
33,0.1543,0.251,0.105,178.67897818859018,0.0,0.0,0.0,0.0,0.0,0.0,0.0,0.0,1.0,37.21858864032005,117.03958691910668,68.0,0.5810000000228399,0.3179999999876268,0.0,1.0,1.0,174.0,162.46498599439482,1.070999999987968,1.0,0.0,63.32102181140982,1.0,0.0,0.0,-63.32102181140982,109.82400000581919,162.46498599439482,-37.21858864032005,0.0,37.21858864032005,0.0,63.32102181140982,242.0,0.0,37.21858864032005,0.0,68.0,174.0,162.46498599439482,0.0,0.0
34,0.1543,0.251,0.105,165.75179782570095,0.0,0.0,0.0,0.0,0.0,0.0,0.0,0.0,0.0,0.0,0.0,0.0,0.0,0.0,0.0,0.0,1.0,174.0,162.46498599439482,1.070999999987968,1.0,0.0,8.248202174299053,1.0,0.0,0.0,-8.248202174299053,118.07220218011824,162.46498599439482,0.0,0.0,0.0,0.0,8.248202174299053,174.0,0.0,0.0,0.0,0.0,174.0,162.46498599439482,0.0,0.0
35,0.1543,0.251,0.105,162.13029755988526,0.0,0.0,0.0,0.0,0.0,0.0,0.0,0.0,0.0,0.0,0.0,0.0,0.0,0.0,0.0,0.0,1.0,174.0,162.46498599439482,1.070999999987968,1.0,0.0,11.869702440114736,1.0,0.0,0.0,-11.869702440114736,129.94190462023298,162.46498599439482,0.0,0.0,0.0,0.0,11.869702440114736,174.0,0.0,0.0,0.0,0.0,174.0,162.46498599439482,0.0,0.0
36,0.1543,0.251,0.105,143.49828864570688,0.0,0.0,0.0,0.0,0.0,0.0,0.0,0.0,0.0,0.0,0.0,0.0,0.0,0.0,0.0,0.0,1.0,174.0,162.46498599439482,1.070999999987968,1.0,0.0,30.50171135429312,1.0,0.0,0.0,-30.50171135429312,160.4436159745261,162.46498599439482,0.0,0.0,0.0,0.0,30.50171135429312,174.0,0.0,0.0,0.0,0.0,174.0,162.46498599439482,0.0,0.0
37,0.1543,0.251,0.105,157.27609530737038,1.0,26.372168284790547,93.85113268603715,58.0,0.6179999999651684,0.2810000000106169,1.0,0.0,0.0,0.0,0.0,0.0,0.0,0.0,0.0,0.0,1.0,174.0,162.46498599439482,1.070999999987968,1.0,0.0,74.72390469262962,1.0,0.0,0.0,-74.72390469262962,235.1675206671557,256.31611868043194,-26.372168284790547,0.0,26.372168284790547,0.0,74.72390469262962,232.0,26.372168284790547,0.0,58.0,0.0,174.0,162.46498599439482,93.85113268603715,0.0
38,0.1543,0.251,0.105,168.5615827139588,0.0,0.0,0.0,0.0,0.0,0.0,0.0,0.0,0.0,0.0,0.0,0.0,0.0,0.0,0.0,0.0,1.0,174.0,162.46498599439482,1.070999999987968,1.0,0.0,5.438417286041187,1.0,0.0,0.0,-5.438417286041187,240.6059379531969,162.46498599439482,0.0,0.0,0.0,0.0,5.438417286041187,174.0,0.0,0.0,0.0,0.0,174.0,162.46498599439482,0.0,0.0
39,0.1543,0.251,0.105,191.0740243862453,0.0,0.0,0.0,0.0,0.0,0.0,0.0,0.0,0.0,0.0,0.0,0.0,0.0,0.0,0.0,0.0,1.0,174.0,162.46498599439482,1.070999999987968,1.0,0.0,0.0,0.0,17.0740243862453,1.0,17.0740243862453,223.5319135669516,162.46498599439482,0.0,0.0,0.0,0.0,0.0,191.0740243862453,0.0,0.0,0.0,0.0,174.0,162.46498599439482,0.0,17.0740243862453
40,0.1543,0.251,0.105,209.9782588863518,0.0,0.0,0.0,0.0,0.0,0.0,0.0,0.0,0.0,0.0,0.0,0.0,0.0,0.0,0.0,0.0,1.0,174.0,162.46498599439482,1.070999999987968,1.0,0.0,0.0,0.0,35.978258886351796,1.0,35.978258886351796,187.5536546805998,162.46498599439482,0.0,0.0,0.0,0.0,0.0,209.9782588863518,0.0,0.0,0.0,0.0,174.0,162.46498599439482,0.0,35.978258886351796
41,0.1543,0.251,0.105,203.1153153118056,0.0,0.0,0.0,0.0,0.0,0.0,0.0,0.0,0.0,0.0,0.0,0.0,0.0,0.0,0.0,0.0,1.0,174.0,162.46498599439482,1.070999999987968,1.0,0.0,0.0,0.0,29.115315311805603,1.0,29.115315311805603,158.4383393687942,162.46498599439482,0.0,0.0,0.0,0.0,0.0,203.1153153118056,0.0,0.0,0.0,0.0,174.0,162.46498599439482,0.0,29.115315311805603
42,0.1543,0.251,0.105,221.8500904881562,0.0,0.0,0.0,0.0,0.0,0.0,0.0,0.0,0.0,0.0,0.0,0.0,0.0,0.0,0.0,0.0,1.0,174.0,162.46498599439482,1.070999999987968,1.0,0.0,0.0,0.0,47.85009048815621,1.0,47.85009048815621,110.58824888063799,162.46498599439482,0.0,0.0,0.0,0.0,0.0,221.8500904881562,0.0,0.0,0.0,0.0,174.0,162.46498599439482,0.0,47.85009048815621
43,0.1543,0.251,0.105,195.40575876553453,0.0,0.0,0.0,0.0,0.0,0.0,0.0,0.0,0.0,0.0,0.0,0.0,0.0,0.0,0.0,0.0,1.0,174.0,162.46498599439482,1.070999999987968,1.0,0.0,0.0,0.0,21.40575876553453,1.0,21.40575876553453,89.18249011510346,162.46498599439482,0.0,0.0,0.0,0.0,0.0,195.40575876553453,0.0,0.0,0.0,0.0,174.0,162.46498599439482,0.0,21.40575876553453
44,0.1543,0.251,0.105,174.19685671830308,0.0,0.0,0.0,0.0,0.0,0.0,0.0,0.0,0.0,0.0,0.0,0.0,0.0,0.0,0.0,0.0,1.0,174.0,162.46498599439482,1.070999999987968,1.0,0.0,0.0,0.0,0.19685671830308138,1.0,0.19685671830308138,88.98563339680038,162.46498599439482,0.0,0.0,0.0,0.0,0.0,174.19685671830308,0.0,0.0,0.0,0.0,174.0,162.46498599439482,0.0,0.19685671830308138
45,0.1543,0.251,0.105,130.24971892765575,0.0,0.0,0.0,0.0,0.0,0.0,0.0,0.0,0.0,0.0,0.0,0.0,0.0,0.0,0.0,0.0,1.0,174.0,162.46498599439482,1.070999999987968,1.0,0.0,43.75028107234425,1.0,0.0,0.0,-43.75028107234425,132.73591446914463,162.46498599439482,0.0,0.0,0.0,0.0,43.75028107234425,174.0,0.0,0.0,0.0,0.0,174.0,162.46498599439482,0.0,0.0
46,0.1543,0.251,0.105,127.61617203724172,0.0,0.0,0.0,0.0,0.0,0.0,0.0,0.0,0.0,0.0,0.0,0.0,0.0,0.0,0.0,0.0,1.0,174.0,162.46498599439482,1.070999999987968,1.0,0.0,46.383827962758275,1.0,0.0,0.0,-46.383827962758275,179.11974243190292,162.46498599439482,0.0,0.0,0.0,0.0,46.383827962758275,174.0,0.0,0.0,0.0,0.0,174.0,162.46498599439482,0.0,0.0
47,0.1543,0.251,0.105,130.5747347277373,0.0,0.0,0.0,0.0,0.0,0.0,0.0,0.0,0.0,0.0,0.0,0.0,0.0,0.0,0.0,0.0,1.0,161.4229853653245,150.5456922227703,1.0734077617986604,1.0,0.0,30.8482506375872,1.0,0.0,0.0,-30.8482506375872,209.96799306949012,150.5456922227703,0.0,0.0,0.0,0.0,30.8482506375872,161.4229853653245,0.0,0.0,0.0,0.0,161.4229853653245,150.5456922227703,0.0,0.0
48,0.1543,0.251,0.105,131.10708315330484,0.0,0.0,0.0,0.0,0.0,0.0,0.0,0.0,0.0,0.0,0.0,0.0,0.0,0.0,0.0,0.0,1.0,174.0,162.46498599439482,1.070999999987968,1.0,0.0,42.89291684669516,1.0,0.0,0.0,-42.89291684669516,252.86090991618528,162.46498599439482,0.0,0.0,0.0,0.0,42.89291684669516,174.0,0.0,0.0,0.0,0.0,174.0,162.46498599439482,0.0,0.0
49,0.1543,0.251,0.105,140.1480066658329,0.0,0.0,0.0,0.0,0.0,0.0,0.0,0.0,0.0,0.0,0.0,0.0,0.0,0.0,0.0,0.0,1.0,174.0,162.46498599439482,1.070999999987968,1.0,0.0,33.851993334167105,1.0,0.0,0.0,-33.851993334167105,286.7129032503524,162.46498599439482,0.0,0.0,0.0,0.0,33.851993334167105,174.0,0.0,0.0,0.0,0.0,174.0,162.46498599439482,0.0,0.0
50,0.1543,0.251,0.105,160.71290325035235,0.0,0.0,0.0,0.0,0.0,0.0,0.0,0.0,0.0,0.0,0.0,0.0,0.0,0.0,0.0,0.0,1.0,174.0,162.46498599439482,1.070999999987968,1.0,0.0,13.287096749647645,1.0,0.0,0.0,-13.287096749647645,300.0,162.46498599439482,0.0,0.0,0.0,0.0,13.287096749647645,174.0,0.0,0.0,0.0,0.0,174.0,162.46498599439482,0.0,0.0
51,0.1543,0.251,0.105,332.6812176458411,1.0,26.372168284790547,93.85113268603715,58.0,0.6179999999651684,0.2810000000106169,1.0,0.0,1.0,26.372168284790547,93.85113268603715,58.0,0.6179999999651684,0.2810000000106169,1.0,0.0,1.0,174.0,162.46498599439482,1.070999999987968,1.0,0.0,0.0,0.0,42.681217645841116,1.0,42.681217645841116,257.3187823541589,256.31611868043194,-52.744336569581094,0.0,52.744336569581094,0.0,0.0,332.6812176458411,26.372168284790547,26.372168284790547,58.0,58.0,174.0,162.46498599439482,93.85113268603715,42.681217645841116
52,0.1543,0.251,0.105,215.5314908646621,1.0,26.372168284790547,93.85113268603715,58.0,0.6179999999651684,0.2810000000106169,1.0,0.0,0.0,0.0,0.0,0.0,0.0,0.0,0.0,0.0,1.0,157.5314908646621,146.85770524721462,1.0741527551152288,1.0,0.0,0.0,0.0,0.0,1.0,0.0,257.3187823541589,240.70883793325177,-26.372168284790547,0.0,26.372168284790547,0.0,0.0,215.5314908646621,26.372168284790547,0.0,58.0,0.0,157.5314908646621,146.85770524721462,93.85113268603715,0.0
53,0.1543,0.251,0.105,244.69765472550557,0.0,0.0,0.0,0.0,0.0,0.0,0.0,0.0,0.0,0.0,0.0,0.0,0.0,0.0,0.0,0.0,1.0,174.0,162.46498599439482,1.070999999987968,1.0,0.0,0.0,0.0,70.69765472550557,1.0,70.69765472550557,186.6211276286533,162.46498599439482,0.0,0.0,0.0,0.0,0.0,244.69765472550557,0.0,0.0,0.0,0.0,174.0,162.46498599439482,0.0,70.69765472550557
54,0.1543,0.251,0.105,227.71935900033648,0.0,0.0,0.0,0.0,0.0,0.0,0.0,0.0,0.0,0.0,0.0,0.0,0.0,0.0,0.0,0.0,1.0,174.0,162.46498599439482,1.070999999987968,1.0,0.0,0.0,0.0,53.71935900033648,1.0,53.71935900033648,132.90176862831683,162.46498599439482,0.0,0.0,0.0,0.0,0.0,227.71935900033648,0.0,0.0,0.0,0.0,174.0,162.46498599439482,0.0,53.71935900033648
55,0.1543,0.251,0.105,224.4432990364124,0.0,0.0,0.0,0.0,0.0,0.0,0.0,0.0,0.0,0.0,0.0,0.0,0.0,0.0,0.0,0.0,1.0,174.0,162.46498599439482,1.070999999987968,1.0,0.0,0.0,0.0,50.44329903641241,1.0,50.44329903641241,82.45846959190442,162.46498599439482,0.0,0.0,0.0,0.0,0.0,224.4432990364124,0.0,0.0,0.0,0.0,174.0,162.46498599439482,0.0,50.44329903641241
56,0.1543,0.251,0.105,198.58276752855443,0.0,0.0,0.0,0.0,0.0,0.0,0.0,0.0,1.0,26.372168284790547,93.85113268603715,58.0,0.6179999999651684,0.2810000000106169,1.0,0.0,1.0,174.0,162.46498599439482,1.070999999987968,1.0,0.0,33.41723247144557,1.0,0.0,0.0,-33.41723247144557,115.87570206334999,162.46498599439482,-26.372168284790547,0.0,26.372168284790547,0.0,33.41723247144557,232.0,0.0,26.372168284790547,0.0,58.0,174.0,162.46498599439482,0.0,0.0
57,0.1543,0.251,0.105,183.36446681294169,0.0,0.0,0.0,0.0,0.0,0.0,0.0,0.0,0.0,0.0,0.0,0.0,0.0,0.0,0.0,0.0,1.0,174.0,162.46498599439482,1.070999999987968,1.0,0.0,0.0,0.0,9.364466812941686,1.0,9.364466812941686,106.5112352504083,162.46498599439482,0.0,0.0,0.0,0.0,0.0,183.36446681294169,0.0,0.0,0.0,0.0,174.0,162.46498599439482,0.0,9.364466812941686
58,0.1543,0.251,0.105,167.37748595977186,0.0,0.0,0.0,0.0,0.0,0.0,0.0,0.0,0.0,0.0,0.0,0.0,0.0,0.0,0.0,0.0,1.0,174.0,162.46498599439482,1.070999999987968,1.0,0.0,6.62251404022814,1.0,0.0,0.0,-6.62251404022814,113.13374929063644,162.46498599439482,0.0,0.0,0.0,0.0,6.62251404022814,174.0,0.0,0.0,0.0,0.0,174.0,162.46498599439482,0.0,0.0
59,0.1543,0.251,0.105,160.93370608052308,0.0,0.0,0.0,0.0,0.0,0.0,0.0,0.0,0.0,0.0,0.0,0.0,0.0,0.0,0.0,0.0,1.0,160.93370608052308,150.08200002702142,1.0735014301302104,1.0,0.0,0.0,1.0,0.0,0.0,0.0,113.13374929063644,150.08200002702142,0.0,0.0,0.0,0.0,0.0,160.93370608052308,0.0,0.0,0.0,0.0,160.93370608052308,150.08200002702142,0.0,0.0
60,0.1543,0.251,0.105,147.56410528945275,0.0,0.0,0.0,0.0,0.0,0.0,0.0,0.0,0.0,0.0,0.0,0.0,0.0,0.0,0.0,0.0,1.0,147.56410528945275,137.41156876277233,1.0760609257771494,1.0,0.0,0.0,1.0,0.0,0.0,0.0,113.13374929063644,137.41156876277233,0.0,0.0,0.0,0.0,0.0,147.56410528945275,0.0,0.0,0.0,0.0,147.56410528945275,137.41156876277233,0.0,0.0
61,0.1543,0.251,0.105,149.93713971900493,0.0,0.0,0.0,0.0,0.0,0.0,0.0,0.0,0.0,0.0,0.0,0.0,0.0,0.0,0.0,0.0,1.0,174.0,162.46498599439482,1.070999999987968,1.0,0.0,24.062860280995068,1.0,0.0,0.0,-24.062860280995068,137.1966095716315,162.46498599439482,0.0,0.0,0.0,0.0,24.062860280995068,174.0,0.0,0.0,0.0,0.0,174.0,162.46498599439482,0.0,0.0
62,0.1543,0.251,0.105,153.10509692310882,0.0,0.0,0.0,0.0,0.0,0.0,0.0,0.0,0.0,0.0,0.0,0.0,0.0,0.0,0.0,0.0,1.0,174.0,162.46498599439482,1.070999999987968,1.0,0.0,20.894903076891183,1.0,0.0,0.0,-20.894903076891183,158.0915126485227,162.46498599439482,0.0,0.0,0.0,0.0,20.894903076891183,174.0,0.0,0.0,0.0,0.0,174.0,162.46498599439482,0.0,0.0
63,0.1543,0.251,0.105,176.05095758552378,0.0,0.0,0.0,0.0,0.0,0.0,0.0,0.0,0.0,0.0,0.0,0.0,0.0,0.0,0.0,0.0,1.0,174.0,162.46498599439482,1.070999999987968,1.0,0.0,0.0,0.0,2.0509575855237756,1.0,2.0509575855237756,156.04055506299892,162.46498599439482,0.0,0.0,0.0,0.0,0.0,176.05095758552378,0.0,0.0,0.0,0.0,174.0,162.46498599439482,0.0,2.0509575855237756
64,0.1543,0.251,0.105,193.6464730047809,0.0,0.0,0.0,0.0,0.0,0.0,0.0,0.0,0.0,0.0,0.0,0.0,0.0,0.0,0.0,0.0,1.0,174.0,162.46498599439482,1.070999999987968,1.0,0.0,0.0,0.0,19.646473004780887,1.0,19.646473004780887,136.39408205821803,162.46498599439482,0.0,0.0,0.0,0.0,0.0,193.6464730047809,0.0,0.0,0.0,0.0,174.0,162.46498599439482,0.0,19.646473004780887
65,0.1543,0.251,0.105,188.9600827968776,0.0,0.0,0.0,0.0,0.0,0.0,0.0,0.0,0.0,0.0,0.0,0.0,0.0,0.0,0.0,0.0,1.0,174.0,162.46498599439482,1.070999999987968,1.0,0.0,0.0,0.0,14.9600827968776,1.0,14.9600827968776,121.43399926134043,162.46498599439482,0.0,0.0,0.0,0.0,0.0,188.9600827968776,0.0,0.0,0.0,0.0,174.0,162.46498599439482,0.0,14.9600827968776
66,0.1543,0.251,0.105,197.25429764460856,0.0,0.0,0.0,0.0,0.0,0.0,0.0,0.0,0.0,0.0,0.0,0.0,0.0,0.0,0.0,0.0,1.0,174.0,162.46498599439482,1.070999999987968,1.0,0.0,0.0,0.0,23.254297644608556,1.0,23.254297644608556,98.17970161673188,162.46498599439482,0.0,0.0,0.0,0.0,0.0,197.25429764460856,0.0,0.0,0.0,0.0,174.0,162.46498599439482,0.0,23.254297644608556
67,0.1543,0.251,0.105,172.12549540239544,0.0,0.0,0.0,0.0,0.0,0.0,0.0,0.0,0.0,0.0,0.0,0.0,0.0,0.0,0.0,0.0,1.0,174.0,162.46498599439482,1.070999999987968,1.0,0.0,1.874504597604556,1.0,0.0,0.0,-1.874504597604556,100.05420621433643,162.46498599439482,0.0,0.0,0.0,0.0,1.874504597604556,174.0,0.0,0.0,0.0,0.0,174.0,162.46498599439482,0.0,0.0
68,0.1543,0.251,0.105,158.46999716488727,0.0,0.0,0.0,0.0,0.0,0.0,0.0,0.0,0.0,0.0,0.0,0.0,0.0,0.0,0.0,0.0,1.0,158.46999716488727,147.74713192149574,1.0739730861163117,1.0,0.0,0.0,1.0,0.0,0.0,0.0,100.05420621433643,147.74713192149574,0.0,0.0,0.0,0.0,0.0,158.46999716488727,0.0,0.0,0.0,0.0,158.46999716488727,147.74713192149574,0.0,0.0
69,0.1543,0.251,0.105,111.89990628579528,0.0,0.0,0.0,0.0,0.0,0.0,0.0,0.0,0.0,0.0,0.0,0.0,0.0,0.0,0.0,0.0,1.0,174.0,162.46498599439482,1.070999999987968,1.0,0.0,62.10009371420472,1.0,0.0,0.0,-62.10009371420472,162.15429992854115,162.46498599439482,0.0,0.0,0.0,0.0,62.10009371420472,174.0,0.0,0.0,0.0,0.0,174.0,162.46498599439482,0.0,0.0
70,0.1543,0.251,0.105,109.72485750349446,0.0,0.0,0.0,0.0,0.0,0.0,0.0,0.0,0.0,0.0,0.0,0.0,0.0,0.0,0.0,0.0,1.0,109.72485750349446,101.55114213858349,1.0833049259163532,1.0,0.0,0.0,1.0,0.0,0.0,0.0,162.15429992854115,101.55114213858349,0.0,0.0,0.0,0.0,0.0,109.72485750349446,0.0,0.0,0.0,0.0,109.72485750349446,101.55114213858349,0.0,0.0
71,0.1543,0.251,0.105,108.90660099078607,0.0,0.0,0.0,0.0,0.0,0.0,0.0,0.0,0.0,0.0,0.0,0.0,0.0,0.0,0.0,0.0,1.0,108.90660099078607,100.77567673293575,1.083461574122615,1.0,0.0,0.0,1.0,0.0,0.0,0.0,162.15429992854115,100.77567673293575,0.0,0.0,0.0,0.0,0.0,108.90660099078607,0.0,0.0,0.0,0.0,108.90660099078607,100.77567673293575,0.0,0.0
72,0.1543,0.251,0.105,109.17544520199633,0.0,0.0,0.0,0.0,0.0,0.0,0.0,0.0,0.0,0.0,0.0,0.0,0.0,0.0,0.0,0.0,1.0,109.17544520199633,101.03046161037247,1.0834101061992978,1.0,0.0,0.0,1.0,0.0,0.0,0.0,162.15429992854115,101.03046161037247,0.0,0.0,0.0,0.0,0.0,109.17544520199633,0.0,0.0,0.0,0.0,109.17544520199633,101.03046161037247,0.0,0.0
73,0.1543,0.251,0.105,110.2910467007094,0.0,0.0,0.0,0.0,0.0,0.0,0.0,0.0,0.0,0.0,0.0,0.0,0.0,0.0,0.0,0.0,1.0,110.2910467007094,102.08772220690264,1.0831965338403098,1.0,0.0,0.0,1.0,0.0,0.0,0.0,162.15429992854115,102.08772220690264,0.0,0.0,0.0,0.0,0.0,110.2910467007094,0.0,0.0,0.0,0.0,110.2910467007094,102.08772220690264,0.0,0.0
74,0.1543,0.251,0.105,130.4486523936603,0.0,0.0,0.0,0.0,0.0,0.0,0.0,0.0,0.0,0.0,0.0,0.0,0.0,0.0,0.0,0.0,1.0,130.4486523936603,121.19117648168984,1.079337532750443,1.0,0.0,0.0,1.0,0.0,0.0,0.0,162.15429992854115,121.19117648168984,0.0,0.0,0.0,0.0,0.0,130.4486523936603,0.0,0.0,0.0,0.0,130.4486523936603,121.19117648168984,0.0,0.0
75,0.1543,0.251,0.105,253.28816401438664,0.0,0.0,0.0,0.0,0.0,0.0,0.0,0.0,0.0,0.0,0.0,0.0,0.0,0.0,0.0,0.0,1.0,174.0,162.46498599439482,1.070999999987968,1.0,0.0,0.0,0.0,79.28816401438664,1.0,79.28816401438664,82.86613591415451,162.46498599439482,0.0,0.0,0.0,0.0,0.0,253.28816401438664,0.0,0.0,0.0,0.0,174.0,162.46498599439482,0.0,79.28816401438664
76,0.1543,0.251,0.105,165.82631078394223,0.0,0.0,0.0,0.0,0.0,0.0,0.0,0.0,0.0,0.0,0.0,0.0,0.0,0.0,0.0,0.0,1.0,165.82631078394223,154.71874367902478,1.0725647828333846,1.0,0.0,0.0,1.0,0.0,0.0,0.0,82.86613591415451,154.71874367902478,0.0,0.0,0.0,0.0,0.0,165.82631078394223,0.0,0.0,0.0,0.0,165.82631078394223,154.71874367902478,0.0,0.0
77,0.1543,0.251,0.105,179.0382764686991,0.0,0.0,0.0,0.0,0.0,0.0,0.0,0.0,0.0,0.0,0.0,0.0,0.0,0.0,0.0,0.0,1.0,174.0,162.46498599439482,1.070999999987968,1.0,0.0,0.0,0.0,5.0382764686991095,1.0,5.0382764686991095,77.8278594454554,162.46498599439482,0.0,0.0,0.0,0.0,0.0,179.0382764686991,0.0,0.0,0.0,0.0,174.0,162.46498599439482,0.0,5.0382764686991095
78,0.1543,0.251,0.105,168.50833789730706,0.0,0.0,0.0,0.0,0.0,0.0,0.0,0.0,0.0,0.0,0.0,0.0,0.0,0.0,0.0,0.0,1.0,174.0,162.46498599439482,1.070999999987968,1.0,0.0,5.491662102692942,1.0,0.0,0.0,-5.491662102692942,83.31952154814834,162.46498599439482,0.0,0.0,0.0,0.0,5.491662102692942,174.0,0.0,0.0,0.0,0.0,174.0,162.46498599439482,0.0,0.0
79,0.1543,0.251,0.105,159.76463940823692,0.0,0.0,0.0,0.0,0.0,0.0,0.0,0.0,0.0,0.0,0.0,0.0,0.0,0.0,0.0,0.0,1.0,159.76463940823692,148.97407024317778,1.0737252379390938,1.0,0.0,0.0,0.0,0.0,1.0,0.0,83.31952154814834,148.97407024317778,0.0,0.0,0.0,0.0,0.0,159.76463940823692,0.0,0.0,0.0,0.0,159.76463940823692,148.97407024317778,0.0,0.0
80,0.1543,0.251,0.105,137.86316145613668,0.0,0.0,0.0,0.0,0.0,0.0,0.0,0.0,0.0,0.0,0.0,0.0,0.0,0.0,0.0,0.0,1.0,137.86316145613668,128.21794032470643,1.077918088447942,1.0,0.0,0.0,1.0,0.0,0.0,0.0,83.31952154814834,128.21794032470643,0.0,0.0,0.0,0.0,0.0,137.86316145613668,0.0,0.0,0.0,0.0,137.86316145613668,128.21794032470643,0.0,0.0
81,0.1543,0.251,0.105,128.2122606084446,0.0,0.0,0.0,0.0,0.0,0.0,0.0,0.0,0.0,0.0,0.0,0.0,0.0,0.0,0.0,0.0,1.0,174.0,162.46498599439482,1.070999999987968,1.0,0.0,45.78773939155539,1.0,0.0,0.0,-45.78773939155539,129.10726093970374,162.46498599439482,0.0,0.0,0.0,0.0,45.78773939155539,174.0,0.0,0.0,0.0,0.0,174.0,162.46498599439482,0.0,0.0
82,0.1543,0.251,0.105,109.95704053293868,0.0,0.0,0.0,0.0,0.0,0.0,0.0,0.0,0.0,0.0,0.0,0.0,0.0,0.0,0.0,0.0,1.0,109.95704053293868,101.77118304790241,1.0832604764625182,1.0,0.0,0.0,1.0,0.0,0.0,0.0,129.10726093970374,101.77118304790241,0.0,0.0,0.0,0.0,0.0,109.95704053293868,0.0,0.0,0.0,0.0,109.95704053293868,101.77118304790241,0.0,0.0
83,0.1543,0.251,0.105,101.07744303686842,0.0,0.0,0.0,0.0,0.0,0.0,0.0,0.0,0.0,0.0,0.0,0.0,0.0,0.0,0.0,0.0,1.0,85.2,78.30882352940881,1.0879999999879681,1.0,0.0,0.0,0.0,15.877443036868414,1.0,15.877443036868414,113.22981790283532,78.30882352940881,0.0,0.0,0.0,0.0,0.0,101.07744303686842,0.0,0.0,0.0,0.0,85.2,78.30882352940881,0.0,15.877443036868414
84,0.1543,0.251,0.105,95.5966109525952,0.0,0.0,0.0,0.0,0.0,0.0,0.0,0.0,0.0,0.0,0.0,0.0,0.0,0.0,0.0,0.0,1.0,95.5966109525952,88.16173884936214,1.0860096578010974,1.0,0.0,0.0,1.0,0.0,0.0,0.0,113.22981790283532,88.16173884936214,0.0,0.0,0.0,0.0,0.0,95.5966109525952,0.0,0.0,0.0,0.0,95.5966109525952,88.16173884936214,0.0,0.0
85,0.1543,0.251,0.105,90.3257063571908,0.0,0.0,0.0,0.0,0.0,0.0,0.0,0.0,0.0,0.0,0.0,0.0,0.0,0.0,0.0,0.0,1.0,90.3257063571908,83.16647867516963,1.087018727374542,1.0,0.0,0.0,1.0,0.0,0.0,0.0,113.22981790283532,83.16647867516963,0.0,0.0,0.0,0.0,0.0,90.3257063571908,0.0,0.0,0.0,0.0,90.3257063571908,83.16647867516963,0.0,0.0
86,0.1543,0.251,0.105,96.74650847346804,0.0,0.0,0.0,0.0,0.0,0.0,0.0,0.0,0.0,0.0,0.0,0.0,0.0,0.0,0.0,0.0,1.0,96.74650847346804,89.25150194153173,1.0857895197621916,1.0,0.0,0.0,1.0,0.0,0.0,0.0,113.22981790283532,89.25150194153173,0.0,0.0,0.0,0.0,0.0,96.74650847346804,0.0,0.0,0.0,0.0,96.74650847346804,89.25150194153173,0.0,0.0
87,0.1543,0.251,0.105,102.66508087167556,0.0,0.0,0.0,0.0,0.0,0.0,0.0,0.0,0.0,0.0,0.0,0.0,0.0,0.0,0.0,0.0,1.0,85.2,78.30882352940881,1.0879999999879681,1.0,0.0,0.0,0.0,17.465080871675553,1.0,17.465080871675553,95.76473703115977,78.30882352940881,0.0,0.0,0.0,0.0,0.0,102.66508087167556,0.0,0.0,0.0,0.0,85.2,78.30882352940881,0.0,17.465080871675553
88,0.1543,0.251,0.105,123.32553188253804,0.0,0.0,0.0,0.0,0.0,0.0,0.0,0.0,0.0,0.0,0.0,0.0,0.0,0.0,0.0,0.0,1.0,123.32553188253804,114.4405628894412,1.0807011932086534,1.0,0.0,0.0,1.0,0.0,0.0,0.0,95.76473703115977,114.4405628894412,0.0,0.0,0.0,0.0,0.0,123.32553188253804,0.0,0.0,0.0,0.0,123.32553188253804,114.4405628894412,0.0,0.0
89,0.1543,0.251,0.105,114.42528416154738,0.0,0.0,0.0,0.0,0.0,0.0,0.0,0.0,0.0,0.0,0.0,0.0,0.0,0.0,0.0,0.0,1.0,114.42528416154738,106.00575778599175,1.0824050694615457,1.0,0.0,0.0,1.0,0.0,0.0,0.0,95.76473703115977,106.00575778599175,0.0,0.0,0.0,0.0,0.0,114.42528416154738,0.0,0.0,0.0,0.0,114.42528416154738,106.00575778599175,0.0,0.0
90,0.1543,0.251,0.105,125.91524690401964,0.0,0.0,0.0,0.0,0.0,0.0,0.0,0.0,0.0,0.0,0.0,0.0,0.0,0.0,0.0,0.0,1.0,85.2,78.30882352940881,1.0879999999879681,1.0,0.0,0.0,0.0,40.71524690401964,1.0,40.71524690401964,55.04949012714013,78.30882352940881,0.0,0.0,0.0,0.0,0.0,125.91524690401964,0.0,0.0,0.0,0.0,85.2,78.30882352940881,0.0,40.71524690401964
91,0.1543,0.251,0.105,111.25007058230038,0.0,0.0,0.0,0.0,0.0,0.0,0.0,0.0,0.0,0.0,0.0,0.0,0.0,0.0,0.0,0.0,1.0,111.25007058230038,102.99659348603521,1.0830129369260413,1.0,0.0,0.0,1.0,0.0,0.0,0.0,55.04949012714013,102.99659348603521,0.0,0.0,0.0,0.0,0.0,111.25007058230038,0.0,0.0,0.0,0.0,111.25007058230038,102.99659348603521,0.0,0.0
92,0.1543,0.251,0.105,100.6521407963136,0.0,0.0,0.0,0.0,0.0,0.0,0.0,0.0,0.0,0.0,0.0,0.0,0.0,0.0,0.0,0.0,1.0,174.0,162.46498599439482,1.070999999987968,1.0,0.0,73.3478592036864,1.0,0.0,0.0,-73.3478592036864,128.39734933082653,162.46498599439482,0.0,0.0,0.0,0.0,73.3478592036864,174.0,0.0,0.0,0.0,0.0,174.0,162.46498599439482,0.0,0.0
93,0.1543,0.251,0.105,67.39891483152041,0.0,0.0,0.0,0.0,0.0,0.0,0.0,0.0,0.0,0.0,0.0,0.0,0.0,0.0,0.0,0.0,1.0,85.2,78.30882352940881,1.0879999999879681,1.0,0.0,17.801085168479588,1.0,0.0,0.0,-17.801085168479588,146.19843449930613,78.30882352940881,0.0,0.0,0.0,0.0,17.801085168479588,85.2,0.0,0.0,0.0,0.0,85.2,78.30882352940881,0.0,0.0
94,0.1543,0.251,0.105,69.84053871351391,0.0,0.0,0.0,0.0,0.0,0.0,0.0,0.0,0.0,0.0,0.0,0.0,0.0,0.0,0.0,0.0,1.0,85.2,78.30882352940881,1.0879999999879681,1.0,0.0,15.359461286486095,1.0,0.0,0.0,-15.359461286486095,161.55789578579223,78.30882352940881,0.0,0.0,0.0,0.0,15.359461286486095,85.2,0.0,0.0,0.0,0.0,85.2,78.30882352940881,0.0,0.0
95,0.1543,0.251,0.105,66.44883294119172,0.0,0.0,0.0,0.0,0.0,0.0,0.0,0.0,0.0,0.0,0.0,0.0,0.0,0.0,0.0,0.0,1.0,85.2,78.30882352940881,1.0879999999879681,1.0,0.0,18.751167058808278,1.0,0.0,0.0,-18.751167058808278,180.3090628446005,78.30882352940881,0.0,0.0,0.0,0.0,18.751167058808278,85.2,0.0,0.0,0.0,0.0,85.2,78.30882352940881,0.0,0.0
96,0.1543,0.251,0.105,68.1672830937166,0.0,0.0,0.0,0.0,0.0,0.0,0.0,0.0,0.0,0.0,0.0,0.0,0.0,0.0,0.0,0.0,1.0,85.2,78.30882352940881,1.0879999999879681,1.0,0.0,17.032716906283397,1.0,0.0,0.0,-17.032716906283397,197.34177975088392,78.30882352940881,0.0,0.0,0.0,0.0,17.032716906283397,85.2,0.0,0.0,0.0,0.0,85.2,78.30882352940881,0.0,0.0
97,0.1543,0.251,0.105,71.7939096412927,0.0,0.0,0.0,0.0,0.0,0.0,0.0,0.0,0.0,0.0,0.0,0.0,0.0,0.0,0.0,0.0,1.0,85.2,78.30882352940881,1.0879999999879681,1.0,0.0,13.406090358707303,1.0,0.0,0.0,-13.406090358707303,210.74787010959122,78.30882352940881,0.0,0.0,0.0,0.0,13.406090358707303,85.2,0.0,0.0,0.0,0.0,85.2,78.30882352940881,0.0,0.0
98,0.1543,0.251,0.105,86.67575774332819,0.0,0.0,0.0,0.0,0.0,0.0,0.0,0.0,0.0,0.0,0.0,0.0,0.0,0.0,0.0,0.0,1.0,174.0,162.46498599439482,1.070999999987968,1.0,0.0,87.32424225667181,1.0,0.0,0.0,-87.32424225667181,298.072112366263,162.46498599439482,0.0,0.0,0.0,0.0,87.32424225667181,174.0,0.0,0.0,0.0,0.0,174.0,162.46498599439482,0.0,0.0
99,0.1543,0.251,0.105,174.39093279713595,0.0,0.0,0.0,0.0,0.0,0.0,0.0,0.0,0.0,0.0,0.0,0.0,0.0,0.0,0.0,0.0,1.0,85.2,78.30882352940881,1.0879999999879681,1.0,0.0,0.0,0.0,89.19093279713594,1.0,89.19093279713594,208.88117956912708,78.30882352940881,0.0,0.0,0.0,0.0,0.0,174.39093279713595,0.0,0.0,0.0,0.0,85.2,78.30882352940881,0.0,89.19093279713594
100,0.1543,0.251,0.105,117.44465066347948,0.0,0.0,0.0,0.0,0.0,0.0,0.0,0.0,0.0,0.0,0.0,0.0,0.0,0.0,0.0,0.0,1.0,85.2,78.30882352940881,1.0879999999879681,1.0,0.0,0.0,0.0,32.244650663479476,1.0,32.244650663479476,176.6365289056476,78.30882352940881,0.0,0.0,0.0,0.0,0.0,117.44465066347948,0.0,0.0,0.0,0.0,85.2,78.30882352940881,0.0,32.244650663479476
101,0.1543,0.251,0.105,124.09501837997227,0.0,0.0,0.0,0.0,0.0,0.0,0.0,0.0,0.0,0.0,0.0,0.0,0.0,0.0,0.0,0.0,1.0,124.09501837997227,115.16980873057507,1.080553881604415,1.0,0.0,0.0,1.0,0.0,0.0,0.0,176.6365289056476,115.16980873057507,0.0,0.0,0.0,0.0,0.0,124.09501837997227,0.0,0.0,0.0,0.0,124.09501837997227,115.16980873057507,0.0,0.0
102,0.1543,0.251,0.105,116.96088794574258,0.0,0.0,0.0,0.0,0.0,0.0,0.0,0.0,0.0,0.0,0.0,0.0,0.0,0.0,0.0,0.0,1.0,174.0,162.46498599439482,1.070999999987968,1.0,0.0,57.039112054257416,1.0,0.0,0.0,-57.039112054257416,233.67564095990502,162.46498599439482,0.0,0.0,0.0,0.0,57.039112054257416,174.0,0.0,0.0,0.0,0.0,174.0,162.46498599439482,0.0,0.0
103,0.1543,0.251,0.105,117.43053585606424,0.0,0.0,0.0,0.0,0.0,0.0,0.0,0.0,0.0,0.0,0.0,0.0,0.0,0.0,0.0,0.0,1.0,85.2,78.30882352940881,1.0879999999879681,1.0,0.0,0.0,0.0,32.230535856064236,1.0,32.230535856064236,201.44510510384077,78.30882352940881,0.0,0.0,0.0,0.0,0.0,117.43053585606424,0.0,0.0,0.0,0.0,85.2,78.30882352940881,0.0,32.230535856064236
104,0.1543,0.251,0.105,104.21979680999824,0.0,0.0,0.0,0.0,0.0,0.0,0.0,0.0,0.0,0.0,0.0,0.0,0.0,0.0,0.0,0.0,1.0,85.2,78.30882352940881,1.0879999999879681,1.0,0.0,0.0,0.0,19.01979680999824,1.0,19.01979680999824,182.42530829384253,78.30882352940881,0.0,0.0,0.0,0.0,0.0,104.21979680999824,0.0,0.0,0.0,0.0,85.2,78.30882352940881,0.0,19.01979680999824
105,0.1543,0.251,0.105,101.23678011650172,0.0,0.0,0.0,0.0,0.0,0.0,0.0,0.0,0.0,0.0,0.0,0.0,0.0,0.0,0.0,0.0,1.0,85.2,78.30882352940881,1.0879999999879681,1.0,0.0,0.0,0.0,16.036780116501717,1.0,16.036780116501717,166.38852817734082,78.30882352940881,0.0,0.0,0.0,0.0,0.0,101.23678011650172,0.0,0.0,0.0,0.0,85.2,78.30882352940881,0.0,16.036780116501717
106,0.1543,0.251,0.105,97.69695800743143,0.0,0.0,0.0,0.0,0.0,0.0,0.0,0.0,0.0,0.0,0.0,0.0,0.0,0.0,0.0,0.0,1.0,97.69695800743143,90.15224727255642,1.0856075643333924,1.0,0.0,0.0,1.0,0.0,0.0,0.0,166.38852817734082,90.15224727255642,0.0,0.0,0.0,0.0,0.0,97.69695800743143,0.0,0.0,0.0,0.0,97.69695800743143,90.15224727255642,0.0,0.0
107,0.1543,0.251,0.105,90.9034410112922,0.0,0.0,0.0,0.0,0.0,0.0,0.0,0.0,0.0,0.0,0.0,0.0,0.0,0.0,0.0,0.0,1.0,85.2,78.30882352940881,1.0879999999879681,1.0,0.0,0.0,0.0,5.703441011292199,1.0,5.703441011292199,160.68508716604862,78.30882352940881,0.0,0.0,0.0,0.0,0.0,90.9034410112922,0.0,0.0,0.0,0.0,85.2,78.30882352940881,0.0,5.703441011292199
108,0.1543,0.251,0.105,84.0176509163542,0.0,0.0,0.0,0.0,0.0,0.0,0.0,0.0,0.0,0.0,0.0,0.0,0.0,0.0,0.0,0.0,1.0,85.2,78.30882352940881,1.0879999999879681,1.0,0.0,1.1823490836458035,1.0,0.0,0.0,-1.1823490836458035,161.86743624969444,78.30882352940881,0.0,0.0,0.0,0.0,1.1823490836458035,85.2,0.0,0.0,0.0,0.0,85.2,78.30882352940881,0.0,0.0
109,0.1543,0.251,0.105,90.94877020855232,0.0,0.0,0.0,0.0,0.0,0.0,0.0,0.0,0.0,0.0,0.0,0.0,0.0,0.0,0.0,0.0,1.0,85.2,78.30882352940881,1.0879999999879681,1.0,0.0,0.0,0.0,5.748770208552315,1.0,5.748770208552315,156.11866604114212,78.30882352940881,0.0,0.0,0.0,0.0,0.0,90.94877020855232,0.0,0.0,0.0,0.0,85.2,78.30882352940881,0.0,5.748770208552315
110,0.1543,0.251,0.105,100.6601687548224,0.0,0.0,0.0,0.0,0.0,0.0,0.0,0.0,0.0,0.0,0.0,0.0,0.0,0.0,0.0,0.0,1.0,85.2,78.30882352940881,1.0879999999879681,1.0,0.0,0.0,0.0,15.46016875482239,1.0,15.46016875482239,140.65849728631974,78.30882352940881,0.0,0.0,0.0,0.0,0.0,100.6601687548224,0.0,0.0,0.0,0.0,85.2,78.30882352940881,0.0,15.46016875482239
111,0.1543,0.251,0.105,107.3334469743905,0.0,0.0,0.0,0.0,0.0,0.0,0.0,0.0,0.0,0.0,0.0,0.0,0.0,0.0,0.0,0.0,1.0,85.2,78.30882352940881,1.0879999999879681,1.0,0.0,0.0,0.0,22.133446974390495,1.0,22.133446974390495,118.52505031192925,78.30882352940881,0.0,0.0,0.0,0.0,0.0,107.3334469743905,0.0,0.0,0.0,0.0,85.2,78.30882352940881,0.0,22.133446974390495
112,0.1543,0.251,0.105,112.77693330004227,0.0,0.0,0.0,0.0,0.0,0.0,0.0,0.0,0.0,0.0,0.0,0.0,0.0,0.0,0.0,0.0,1.0,112.77693330004227,104.44360820378314,1.0827206321264735,1.0,0.0,0.0,1.0,0.0,0.0,0.0,118.52505031192925,104.44360820378314,0.0,0.0,0.0,0.0,0.0,112.77693330004227,0.0,0.0,0.0,0.0,112.77693330004227,104.44360820378314,0.0,0.0
113,0.1543,0.251,0.105,110.39162881846248,0.0,0.0,0.0,0.0,0.0,0.0,0.0,0.0,0.0,0.0,0.0,0.0,0.0,0.0,0.0,0.0,1.0,85.2,78.30882352940881,1.0879999999879681,1.0,0.0,0.0,0.0,25.191628818462476,1.0,25.191628818462476,93.33342149346677,78.30882352940881,0.0,0.0,0.0,0.0,0.0,110.39162881846248,0.0,0.0,0.0,0.0,85.2,78.30882352940881,0.0,25.191628818462476
114,0.1543,0.251,0.105,110.65087332586424,0.0,0.0,0.0,0.0,0.0,0.0,0.0,0.0,0.0,0.0,0.0,0.0,0.0,0.0,0.0,0.0,1.0,85.2,78.30882352940881,1.0879999999879681,1.0,0.0,0.0,0.0,25.450873325864237,1.0,25.450873325864237,67.88254816760254,78.30882352940881,0.0,0.0,0.0,0.0,0.0,110.65087332586424,0.0,0.0,0.0,0.0,85.2,78.30882352940881,0.0,25.450873325864237
115,0.1543,0.251,0.105,103.90077645845513,0.0,0.0,0.0,0.0,0.0,0.0,0.0,0.0,0.0,0.0,0.0,0.0,0.0,0.0,0.0,0.0,1.0,85.2,78.30882352940881,1.0879999999879681,1.0,0.0,0.0,0.0,18.700776458455124,1.0,18.700776458455124,49.18177170914741,78.30882352940881,0.0,0.0,0.0,0.0,0.0,103.90077645845513,0.0,0.0,0.0,0.0,85.2,78.30882352940881,0.0,18.700776458455124
116,0.1543,0.251,0.105,93.59897834804954,0.0,0.0,0.0,0.0,0.0,0.0,0.0,0.0,0.0,0.0,0.0,0.0,0.0,0.0,0.0,0.0,1.0,85.2,78.30882352940881,1.0879999999879681,1.0,0.0,0.0,0.0,8.398978348049539,1.0,8.398978348049539,40.78279336109787,78.30882352940881,0.0,0.0,0.0,0.0,0.0,93.59897834804954,0.0,0.0,0.0,0.0,85.2,78.30882352940881,0.0,8.398978348049539
117,0.1543,0.251,0.105,69.14730637746624,0.0,0.0,0.0,0.0,0.0,0.0,0.0,0.0,0.0,0.0,0.0,0.0,0.0,0.0,0.0,0.0,1.0,112.51802460645061,104.19823926142394,1.0827701979799764,1.0,0.0,43.37071822898437,1.0,0.0,0.0,-43.37071822898437,84.15351159008225,104.19823926142394,0.0,0.0,0.0,0.0,43.37071822898437,112.51802460645061,0.0,0.0,0.0,0.0,112.51802460645061,104.19823926142394,0.0,0.0
118,0.1543,0.251,0.105,71.3043020868362,0.0,0.0,0.0,0.0,0.0,0.0,0.0,0.0,0.0,0.0,0.0,0.0,0.0,0.0,0.0,0.0,1.0,85.2,78.30882352940881,1.0879999999879681,1.0,0.0,13.8956979131638,1.0,0.0,0.0,-13.8956979131638,98.04920950324605,78.30882352940881,0.0,0.0,0.0,0.0,13.8956979131638,85.2,0.0,0.0,0.0,0.0,85.2,78.30882352940881,0.0,0.0
119,0.1543,0.251,0.105,72.13511824618648,0.0,0.0,0.0,0.0,0.0,0.0,0.0,0.0,0.0,0.0,0.0,0.0,0.0,0.0,0.0,0.0,1.0,174.0,162.46498599439482,1.070999999987968,1.0,0.0,101.86488175381352,1.0,0.0,0.0,-101.86488175381352,199.91409125705957,162.46498599439482,0.0,0.0,0.0,0.0,101.86488175381352,174.0,0.0,0.0,0.0,0.0,174.0,162.46498599439482,0.0,0.0
120,0.1543,0.251,0.105,79.8576553669177,0.0,0.0,0.0,0.0,0.0,0.0,0.0,0.0,0.0,0.0,0.0,0.0,0.0,0.0,0.0,0.0,1.0,174.0,162.46498599439482,1.070999999987968,1.0,0.0,94.1423446330823,1.0,0.0,0.0,-94.1423446330823,294.05643589014187,162.46498599439482,0.0,0.0,0.0,0.0,94.1423446330823,174.0,0.0,0.0,0.0,0.0,174.0,162.46498599439482,0.0,0.0
121,0.1543,0.251,0.105,79.2564358901419,0.0,0.0,0.0,0.0,0.0,0.0,0.0,0.0,0.0,0.0,0.0,0.0,0.0,0.0,0.0,0.0,1.0,85.2,78.30882352940881,1.0879999999879681,1.0,0.0,5.943564109858102,1.0,0.0,0.0,-5.943564109858102,300.0,78.30882352940881,0.0,0.0,0.0,0.0,5.943564109858102,85.2,0.0,0.0,0.0,0.0,85.2,78.30882352940881,0.0,0.0
122,0.1543,0.251,0.105,88.85038433176571,0.0,0.0,0.0,0.0,0.0,0.0,0.0,0.0,0.0,0.0,0.0,0.0,0.0,0.0,0.0,0.0,1.0,88.85038433176571,81.76830930512632,1.0873011651496798,1.0,0.0,0.0,1.0,0.0,0.0,0.0,300.0,81.76830930512632,0.0,0.0,0.0,0.0,0.0,88.85038433176571,0.0,0.0,0.0,0.0,88.85038433176571,81.76830930512632,0.0,0.0
123,0.1543,0.251,0.105,166.6246942237459,0.0,0.0,0.0,0.0,0.0,0.0,0.0,0.0,0.0,0.0,0.0,0.0,0.0,0.0,0.0,0.0,1.0,166.6246942237459,155.47537528341073,1.0724119391568456,1.0,0.0,0.0,1.0,0.0,0.0,0.0,300.0,155.47537528341073,0.0,0.0,0.0,0.0,0.0,166.6246942237459,0.0,0.0,0.0,0.0,166.6246942237459,155.47537528341073,0.0,0.0
124,0.1543,0.251,0.105,113.13717682218991,0.0,0.0,0.0,0.0,0.0,0.0,0.0,0.0,0.0,0.0,0.0,0.0,0.0,0.0,0.0,0.0,1.0,113.13717682218991,104.78501262244099,1.0826516665873236,1.0,0.0,0.0,1.0,0.0,0.0,0.0,300.0,104.78501262244099,0.0,0.0,0.0,0.0,0.0,113.13717682218991,0.0,0.0,0.0,0.0,113.13717682218991,104.78501262244099,0.0,0.0
125,0.1543,0.251,0.105,118.93952106823625,0.0,0.0,0.0,0.0,0.0,0.0,0.0,0.0,0.0,0.0,0.0,0.0,0.0,0.0,0.0,0.0,1.0,118.93952106823625,110.28392056217129,1.0815408574411212,1.0,0.0,0.0,1.0,0.0,0.0,0.0,300.0,110.28392056217129,0.0,0.0,0.0,0.0,0.0,118.93952106823625,0.0,0.0,0.0,0.0,118.93952106823625,110.28392056217129,0.0,0.0
126,0.1543,0.251,0.105,124.61483432740133,0.0,0.0,0.0,0.0,0.0,0.0,0.0,0.0,0.0,0.0,0.0,0.0,0.0,0.0,0.0,0.0,1.0,124.61483432740133,115.66244065989636,1.0804543672901548,1.0,0.0,0.0,1.0,0.0,0.0,0.0,300.0,115.66244065989636,0.0,0.0,0.0,0.0,0.0,124.61483432740133,0.0,0.0,0.0,0.0,124.61483432740133,115.66244065989636,0.0,0.0
127,0.1543,0.251,0.105,125.94158140239796,0.0,0.0,0.0,0.0,0.0,0.0,0.0,0.0,0.0,0.0,0.0,0.0,0.0,0.0,0.0,0.0,1.0,125.94158140239796,116.91980487603782,1.0802003729176892,1.0,0.0,0.0,1.0,0.0,0.0,0.0,300.0,116.91980487603782,0.0,0.0,0.0,0.0,0.0,125.94158140239796,0.0,0.0,0.0,0.0,125.94158140239796,116.91980487603782,0.0,0.0
128,0.1543,0.251,0.105,118.98819379708306,0.0,0.0,0.0,0.0,0.0,0.0,0.0,0.0,0.0,0.0,0.0,0.0,0.0,0.0,0.0,0.0,1.0,118.98819379708306,110.33004792789704,1.0815315394637517,1.0,0.0,0.0,1.0,0.0,0.0,0.0,300.0,110.33004792789704,0.0,0.0,0.0,0.0,0.0,118.98819379708306,0.0,0.0,0.0,0.0,118.98819379708306,110.33004792789704,0.0,0.0
129,0.1543,0.251,0.105,113.10263714480364,0.0,0.0,0.0,0.0,0.0,0.0,0.0,0.0,0.0,0.0,0.0,0.0,0.0,0.0,0.0,0.0,1.0,113.10263714480364,104.75227921363908,1.0826582789129495,1.0,0.0,0.0,1.0,0.0,0.0,0.0,300.0,104.75227921363908,0.0,0.0,0.0,0.0,0.0,113.10263714480364,0.0,0.0,0.0,0.0,113.10263714480364,104.75227921363908,0.0,0.0
130,0.1543,0.251,0.105,103.57439179810852,0.0,0.0,0.0,0.0,0.0,0.0,0.0,0.0,0.0,0.0,0.0,0.0,0.0,0.0,0.0,0.0,1.0,103.57439179810852,95.7223179140589,1.0844823799365284,1.0,0.0,0.0,1.0,0.0,0.0,0.0,300.0,95.7223179140589,0.0,0.0,0.0,0.0,0.0,103.57439179810852,0.0,0.0,0.0,0.0,103.57439179810852,95.7223179140589,0.0,0.0
131,0.1543,0.251,0.105,95.20170270191402,0.0,0.0,0.0,0.0,0.0,0.0,0.0,0.0,0.0,0.0,0.0,0.0,0.0,0.0,0.0,0.0,1.0,95.20170270191402,87.78748251036339,1.086085259605845,1.0,0.0,0.0,1.0,0.0,0.0,0.0,300.0,87.78748251036339,0.0,0.0,0.0,0.0,0.0,95.20170270191402,0.0,0.0,0.0,0.0,95.20170270191402,87.78748251036339,0.0,0.0
132,0.1543,0.251,0.105,89.23726652299644,0.0,0.0,0.0,0.0,0.0,0.0,0.0,0.0,0.0,0.0,0.0,0.0,0.0,0.0,0.0,0.0,1.0,89.23726652299644,82.13495931120765,1.0872270998653224,1.0,0.0,0.0,1.0,0.0,0.0,0.0,300.0,82.13495931120765,0.0,0.0,0.0,0.0,0.0,89.23726652299644,0.0,0.0,0.0,0.0,89.23726652299644,82.13495931120765,0.0,0.0
133,0.1543,0.251,0.105,89.43899676515207,0.0,0.0,0.0,0.0,0.0,0.0,0.0,0.0,0.0,0.0,0.0,0.0,0.0,0.0,0.0,0.0,1.0,89.43899676515207,82.32613997599314,1.0871884803369818,1.0,0.0,0.0,1.0,0.0,0.0,0.0,300.0,82.32613997599314,0.0,0.0,0.0,0.0,0.0,89.43899676515207,0.0,0.0,0.0,0.0,89.43899676515207,82.32613997599314,0.0,0.0
134,0.1543,0.251,0.105,96.07101462886725,0.0,0.0,0.0,0.0,0.0,0.0,0.0,0.0,0.0,0.0,0.0,0.0,0.0,0.0,0.0,0.0,1.0,96.07101462886725,88.61133336348755,1.0859188372774868,1.0,0.0,0.0,1.0,0.0,0.0,0.0,300.0,88.61133336348755,0.0,0.0,0.0,0.0,0.0,96.07101462886725,0.0,0.0,0.0,0.0,96.07101462886725,88.61133336348755,0.0,0.0
135,0.1543,0.251,0.105,94.8265700947584,0.0,0.0,0.0,0.0,0.0,0.0,0.0,0.0,0.0,0.0,0.0,0.0,0.0,0.0,0.0,0.0,1.0,94.8265700947584,87.43196763836224,1.0861570755328906,1.0,0.0,0.0,1.0,0.0,0.0,0.0,300.0,87.43196763836224,0.0,0.0,0.0,0.0,0.0,94.8265700947584,0.0,0.0,0.0,0.0,94.8265700947584,87.43196763836224,0.0,0.0
136,0.1543,0.251,0.105,108.25363791246411,0.0,0.0,0.0,0.0,0.0,0.0,0.0,0.0,0.0,0.0,0.0,0.0,0.0,0.0,0.0,0.0,1.0,92.14872524760023,84.89416194001237,1.086669726010387,1.0,0.0,0.0,0.0,16.10491266486389,1.0,16.10491266486389,283.8950873351361,84.89416194001237,0.0,0.0,0.0,0.0,0.0,108.25363791246411,0.0,0.0,0.0,0.0,92.14872524760023,84.89416194001237,0.0,16.10491266486389
137,0.1543,0.251,0.105,109.835249951598,0.0,0.0,0.0,0.0,0.0,0.0,0.0,0.0,0.0,0.0,0.0,0.0,0.0,0.0,0.0,0.0,1.0,109.835249951598,101.65576156197886,1.083283792226964,1.0,0.0,0.0,1.0,0.0,0.0,0.0,283.8950873351361,101.65576156197886,0.0,0.0,0.0,0.0,0.0,109.835249951598,0.0,0.0,0.0,0.0,109.835249951598,101.65576156197886,0.0,0.0
138,0.1543,0.251,0.105,113.1214575800624,0.0,0.0,0.0,0.0,0.0,0.0,0.0,0.0,0.0,0.0,0.0,0.0,0.0,0.0,0.0,0.0,1.0,113.1214575800624,104.77011542543299,1.0826546759016948,1.0,0.0,0.0,1.0,0.0,0.0,0.0,283.8950873351361,104.77011542543299,0.0,0.0,0.0,0.0,0.0,113.1214575800624,0.0,0.0,0.0,0.0,113.1214575800624,104.77011542543299,0.0,0.0
139,0.1543,0.251,0.105,102.26629527583285,0.0,0.0,0.0,0.0,0.0,0.0,0.0,0.0,0.0,0.0,0.0,0.0,0.0,0.0,0.0,0.0,1.0,102.26629527583285,94.4826289112603,1.0847328038202975,1.0,0.0,0.0,1.0,0.0,0.0,0.0,283.8950873351361,94.4826289112603,0.0,0.0,0.0,0.0,0.0,102.26629527583285,0.0,0.0,0.0,0.0,102.26629527583285,94.4826289112603,0.0,0.0
140,0.1543,0.251,0.105,99.65212286286902,0.0,0.0,0.0,0.0,0.0,0.0,0.0,0.0,0.0,0.0,0.0,0.0,0.0,0.0,0.0,0.0,1.0,85.2,78.30882352940881,1.0879999999879681,1.0,0.0,0.0,0.0,14.452122862869018,1.0,14.452122862869018,269.4429644722671,78.30882352940881,0.0,0.0,0.0,0.0,0.0,99.65212286286902,0.0,0.0,0.0,0.0,85.2,78.30882352940881,0.0,14.452122862869018
141,0.1543,0.251,0.105,74.50248364661357,0.0,0.0,0.0,0.0,0.0,0.0,0.0,0.0,0.0,0.0,0.0,0.0,0.0,0.0,0.0,0.0,1.0,85.2,78.30882352940881,1.0879999999879681,1.0,0.0,10.697516353386433,1.0,0.0,0.0,-10.697516353386433,280.1404808256535,78.30882352940881,0.0,0.0,0.0,0.0,10.697516353386433,85.2,0.0,0.0,0.0,0.0,85.2,78.30882352940881,0.0,0.0
142,0.1543,0.251,0.105,71.97305714864397,0.0,0.0,0.0,0.0,0.0,0.0,0.0,0.0,0.0,0.0,0.0,0.0,0.0,0.0,0.0,0.0,1.0,85.2,78.30882352940881,1.0879999999879681,1.0,0.0,13.226942851356029,1.0,0.0,0.0,-13.226942851356029,293.3674236770095,78.30882352940881,0.0,0.0,0.0,0.0,13.226942851356029,85.2,0.0,0.0,0.0,0.0,85.2,78.30882352940881,0.0,0.0
143,0.1543,0.251,0.105,79.70439801354908,0.0,0.0,0.0,0.0,0.0,0.0,0.0,0.0,0.0,0.0,0.0,0.0,0.0,0.0,0.0,0.0,1.0,85.2,78.30882352940881,1.0879999999879681,1.0,0.0,5.495601986450922,1.0,0.0,0.0,-5.495601986450922,298.86302566346046,78.30882352940881,0.0,0.0,0.0,0.0,5.495601986450922,85.2,0.0,0.0,0.0,0.0,85.2,78.30882352940881,0.0,0.0
144,0.1543,0.251,0.105,84.0630256634605,0.0,0.0,0.0,0.0,0.0,0.0,0.0,0.0,0.0,0.0,0.0,0.0,0.0,0.0,0.0,0.0,1.0,85.2,78.30882352940881,1.0879999999879681,1.0,0.0,1.1369743365395095,1.0,0.0,0.0,-1.1369743365395095,300.0,78.30882352940881,0.0,0.0,0.0,0.0,1.1369743365395095,85.2,0.0,0.0,0.0,0.0,85.2,78.30882352940881,0.0,0.0
145,0.1543,0.251,0.105,86.89020582132288,0.0,0.0,0.0,0.0,0.0,0.0,0.0,0.0,0.0,0.0,0.0,0.0,0.0,0.0,0.0,0.0,1.0,86.89020582132288,79.91063924673442,1.0876764245492014,1.0,0.0,0.0,1.0,0.0,0.0,0.0,300.0,79.91063924673442,0.0,0.0,0.0,0.0,0.0,86.89020582132288,0.0,0.0,0.0,0.0,86.89020582132288,79.91063924673442,0.0,0.0
146,0.1543,0.251,0.105,102.67012913651094,0.0,0.0,0.0,0.0,0.0,0.0,0.0,0.0,0.0,0.0,0.0,0.0,0.0,0.0,0.0,0.0,1.0,102.67012913651094,94.86534409130634,1.0846554932839063,1.0,0.0,0.0,1.0,0.0,0.0,0.0,300.0,94.86534409130634,0.0,0.0,0.0,0.0,0.0,102.67012913651094,0.0,0.0,0.0,0.0,102.67012913651094,94.86534409130634,0.0,0.0
147,0.1543,0.251,0.105,197.10818009752964,0.0,0.0,0.0,0.0,0.0,0.0,0.0,0.0,0.0,0.0,0.0,0.0,0.0,0.0,0.0,0.0,1.0,174.0,162.46498599439482,1.070999999987968,1.0,0.0,0.0,0.0,23.10818009752964,1.0,23.10818009752964,276.8918199024704,162.46498599439482,0.0,0.0,0.0,0.0,0.0,197.10818009752964,0.0,0.0,0.0,0.0,174.0,162.46498599439482,0.0,23.10818009752964
148,0.1543,0.251,0.105,131.41110425250923,0.0,0.0,0.0,0.0,0.0,0.0,0.0,0.0,0.0,0.0,0.0,0.0,0.0,0.0,0.0,0.0,1.0,131.41110425250923,122.10329647040626,1.079153279579267,1.0,0.0,0.0,1.0,0.0,0.0,0.0,276.8918199024704,122.10329647040626,0.0,0.0,0.0,0.0,0.0,131.41110425250923,0.0,0.0,0.0,0.0,131.41110425250923,122.10329647040626,0.0,0.0
149,0.1543,0.251,0.105,134.36278677058627,0.0,0.0,0.0,0.0,0.0,0.0,0.0,0.0,0.0,0.0,0.0,0.0,0.0,0.0,0.0,0.0,1.0,134.36278677058627,124.90061937059039,1.0785882052233289,1.0,0.0,0.0,1.0,0.0,0.0,0.0,276.8918199024704,124.90061937059039,0.0,0.0,0.0,0.0,0.0,134.36278677058627,0.0,0.0,0.0,0.0,134.36278677058627,124.90061937059039,0.0,0.0
150,0.1543,0.251,0.105,133.35488413447985,0.0,0.0,0.0,0.0,0.0,0.0,0.0,0.0,0.0,0.0,0.0,0.0,0.0,0.0,0.0,0.0,1.0,133.35488413447985,123.94542547427214,1.0787811595568177,1.0,0.0,0.0,1.0,0.0,0.0,0.0,276.8918199024704,123.94542547427214,0.0,0.0,0.0,0.0,0.0,133.35488413447985,0.0,0.0,0.0,0.0,133.35488413447985,123.94542547427214,0.0,0.0
151,0.1543,0.251,0.105,148.67082790766605,0.0,0.0,0.0,0.0,0.0,0.0,0.0,0.0,0.0,0.0,0.0,0.0,0.0,0.0,0.0,0.0,1.0,127.16645984580859,118.08062772832976,1.0799658804228922,1.0,0.0,0.0,0.0,21.504368061857463,1.0,21.504368061857463,255.38745184061293,118.08062772832976,0.0,0.0,0.0,0.0,0.0,148.67082790766605,0.0,0.0,0.0,0.0,127.16645984580859,118.08062772832976,0.0,21.504368061857463
152,0.1543,0.251,0.105,155.76612945938308,0.0,0.0,0.0,0.0,0.0,0.0,0.0,0.0,0.0,0.0,0.0,0.0,0.0,0.0,0.0,0.0,1.0,174.0,162.46498599439482,1.070999999987968,1.0,0.0,18.23387054061692,1.0,0.0,0.0,-18.23387054061692,273.62132238122985,162.46498599439482,0.0,0.0,0.0,0.0,18.23387054061692,174.0,0.0,0.0,0.0,0.0,174.0,162.46498599439482,0.0,0.0
153,0.1543,0.251,0.105,149.41335246313022,0.0,0.0,0.0,0.0,0.0,0.0,0.0,0.0,0.0,0.0,0.0,0.0,0.0,0.0,0.0,0.0,1.0,85.2,78.30882352940881,1.0879999999879681,1.0,0.0,0.0,0.0,64.21335246313022,1.0,64.21335246313022,209.40796991809964,78.30882352940881,0.0,0.0,0.0,0.0,0.0,149.41335246313022,0.0,0.0,0.0,0.0,85.2,78.30882352940881,0.0,64.21335246313022
154,0.1543,0.251,0.105,132.52799498318225,0.0,0.0,0.0,0.0,0.0,0.0,0.0,0.0,0.0,0.0,0.0,0.0,0.0,0.0,0.0,0.0,1.0,85.2,78.30882352940881,1.0879999999879681,1.0,0.0,0.0,0.0,47.32799498318225,1.0,47.32799498318225,162.0799749349174,78.30882352940881,0.0,0.0,0.0,0.0,0.0,132.52799498318225,0.0,0.0,0.0,0.0,85.2,78.30882352940881,0.0,47.32799498318225
155,0.1543,0.251,0.105,128.1881334012233,0.0,0.0,0.0,0.0,0.0,0.0,0.0,0.0,0.0,0.0,0.0,0.0,0.0,0.0,0.0,0.0,1.0,128.1881334012233,119.04887238728989,1.079770289764761,1.0,0.0,0.0,1.0,0.0,0.0,0.0,162.0799749349174,119.04887238728989,0.0,0.0,0.0,0.0,0.0,128.1881334012233,0.0,0.0,0.0,0.0,128.1881334012233,119.04887238728989,0.0,0.0
156,0.1543,0.251,0.105,123.8851574175104,0.0,0.0,0.0,0.0,0.0,0.0,0.0,0.0,0.0,0.0,0.0,0.0,0.0,0.0,0.0,0.0,1.0,85.2,78.30882352940881,1.0879999999879681,1.0,0.0,0.0,0.0,38.685157417510396,1.0,38.685157417510396,123.39481751740702,78.30882352940881,0.0,0.0,0.0,0.0,0.0,123.8851574175104,0.0,0.0,0.0,0.0,85.2,78.30882352940881,0.0,38.685157417510396
157,0.1543,0.251,0.105,120.24610785605115,0.0,0.0,0.0,0.0,0.0,0.0,0.0,0.0,0.0,0.0,0.0,0.0,0.0,0.0,0.0,0.0,1.0,85.2,78.30882352940881,1.0879999999879681,1.0,0.0,0.0,0.0,35.04610785605115,1.0,35.04610785605115,88.34870966135587,78.30882352940881,0.0,0.0,0.0,0.0,0.0,120.24610785605115,0.0,0.0,0.0,0.0,85.2,78.30882352940881,0.0,35.04610785605115
158,0.1543,0.251,0.105,129.2256067900492,0.0,0.0,0.0,0.0,0.0,0.0,0.0,0.0,0.0,0.0,0.0,0.0,0.0,0.0,0.0,0.0,1.0,129.2256067900492,120.03209061998282,1.079571674363747,1.0,0.0,0.0,1.0,0.0,0.0,0.0,88.34870966135587,120.03209061998282,0.0,0.0,0.0,0.0,0.0,129.2256067900492,0.0,0.0,0.0,0.0,129.2256067900492,120.03209061998282,0.0,0.0
159,0.1543,0.251,0.105,144.84779804164918,0.0,0.0,0.0,0.0,0.0,0.0,0.0,0.0,0.0,0.0,0.0,0.0,0.0,0.0,0.0,0.0,1.0,144.84779804164918,134.8373120730091,1.076580939552067,1.0,0.0,0.0,1.0,0.0,0.0,0.0,88.34870966135587,134.8373120730091,0.0,0.0,0.0,0.0,0.0,144.84779804164918,0.0,0.0,0.0,0.0,144.84779804164918,134.8373120730091,0.0,0.0
160,0.1543,0.251,0.105,166.56653578784764,0.0,0.0,0.0,0.0,0.0,0.0,0.0,0.0,0.0,0.0,0.0,0.0,0.0,0.0,0.0,0.0,1.0,174.0,162.46498599439482,1.070999999987968,1.0,0.0,7.433464212152359,1.0,0.0,0.0,-7.433464212152359,95.78217387350823,162.46498599439482,0.0,0.0,0.0,0.0,7.433464212152359,174.0,0.0,0.0,0.0,0.0,174.0,162.46498599439482,0.0,0.0
161,0.1543,0.251,0.105,169.65940464198837,0.0,0.0,0.0,0.0,0.0,0.0,0.0,0.0,0.0,0.0,0.0,0.0,0.0,0.0,0.0,0.0,1.0,169.65940464198837,158.35138410088592,1.07183096982002,1.0,0.0,0.0,1.0,0.0,0.0,0.0,95.78217387350823,158.35138410088592,0.0,0.0,0.0,0.0,0.0,169.65940464198837,0.0,0.0,0.0,0.0,169.65940464198837,158.35138410088592,0.0,0.0
162,0.1543,0.251,0.105,180.98217387350823,0.0,0.0,0.0,0.0,0.0,0.0,0.0,0.0,0.0,0.0,0.0,0.0,0.0,0.0,0.0,0.0,1.0,85.2,78.30882352940881,1.0879999999879681,1.0,0.0,0.0,0.0,95.78217387350823,1.0,95.78217387350823,0.0,78.30882352940881,0.0,0.0,0.0,0.0,0.0,180.98217387350823,0.0,0.0,0.0,0.0,85.2,78.30882352940881,0.0,95.78217387350823
163,0.1543,0.251,0.105,159.72915392902087,0.0,0.0,0.0,0.0,0.0,0.0,0.0,0.0,0.0,0.0,0.0,0.0,0.0,0.0,0.0,0.0,1.0,159.72915392902087,148.9404404936952,1.0737320313303853,1.0,0.0,0.0,1.0,0.0,0.0,0.0,0.0,148.9404404936952,0.0,0.0,0.0,0.0,0.0,159.72915392902087,0.0,0.0,0.0,0.0,159.72915392902087,148.9404404936952,0.0,0.0
164,0.1543,0.251,0.105,141.17185343819725,0.0,0.0,0.0,0.0,0.0,0.0,0.0,0.0,0.0,0.0,0.0,0.0,0.0,0.0,0.0,0.0,1.0,141.17185343819725,131.35360271196865,1.0772846676856105,1.0,0.0,0.0,1.0,0.0,0.0,0.0,0.0,131.35360271196865,0.0,0.0,0.0,0.0,0.0,141.17185343819725,0.0,0.0,0.0,0.0,141.17185343819725,131.35360271196865,0.0,0.0
165,0.1543,0.251,0.105,103.37569949235706,0.0,0.0,0.0,0.0,0.0,0.0,0.0,0.0,0.0,0.0,0.0,0.0,0.0,0.0,0.0,0.0,1.0,103.37569949235706,95.53401631537238,1.0845204178779448,1.0,0.0,0.0,1.0,0.0,0.0,0.0,0.0,95.53401631537238,0.0,0.0,0.0,0.0,0.0,103.37569949235706,0.0,0.0,0.0,0.0,103.37569949235706,95.53401631537238,0.0,0.0
166,0.1543,0.251,0.105,108.05637359730451,0.0,0.0,0.0,0.0,0.0,0.0,0.0,0.0,0.0,0.0,0.0,0.0,0.0,0.0,0.0,0.0,1.0,108.05637359730451,99.96991237867881,1.083624342880376,1.0,0.0,0.0,1.0,0.0,0.0,0.0,0.0,99.96991237867881,0.0,0.0,0.0,0.0,0.0,108.05637359730451,0.0,0.0,0.0,0.0,108.05637359730451,99.96991237867881,0.0,0.0
167,0.1543,0.251,0.105,106.48752403357732,0.0,0.0,0.0,0.0,0.0,0.0,0.0,0.0,0.0,0.0,0.0,0.0,0.0,0.0,0.0,0.0,1.0,106.48752403357732,98.48310653669516,1.0839246857022609,1.0,0.0,0.0,1.0,0.0,0.0,0.0,0.0,98.48310653669516,0.0,0.0,0.0,0.0,0.0,106.48752403357732,0.0,0.0,0.0,0.0,106.48752403357732,98.48310653669516,0.0,0.0
168,0.1543,0.251,0.105,111.895874623898,0.0,0.0,0.0,0.0,0.0,0.0,0.0,0.0,0.0,0.0,0.0,0.0,0.0,0.0,0.0,0.0,1.0,111.895874623898,103.60862490321126,1.0828893032694291,1.0,0.0,0.0,1.0,0.0,0.0,0.0,0.0,103.60862490321126,0.0,0.0,0.0,0.0,0.0,111.895874623898,0.0,0.0,0.0,0.0,111.895874623898,103.60862490321126,0.0,0.0
